ФИО,Год_поступления,Форма_обучения,Средний_балл_аттестата,Общий_балл,Специальность,Адрес_регистрации,Телефон,ЦТ_Русский язык,ЦТ_Химия,ЦТ_Физика,ЦТ_Математика,ЦТ_История,ЦТ_Биология
Ильин Егор Марсович,2019,Бюджет,7.2,338.2,Лечебное дело,к. Ханты-Мансийск,8 766 764 8311,76.0,98.0,92.0,,,
Мина Антипович Дмитриев,2020,Целевое,8.2,329.5,История,к. Урюпинск,+7 (831) 319-67-12,73.0,,,84.0,91.0,
Ия Вениаминовна Виноградова,2022,Бюджет,5.4,238.3,Лечебное дело,г. Онега,8 417 402 8134,71.0,,49.0,64.0,,
Ольга Геннадиевна Константинова,2023,Целевое,5.8,269.1,Информатика,клх Нарьян-Мар,+7 849 660 50 99,,,68.0,71.0,72.0,
Анжелика Николаевна Осипова,2022,Бюджет,6.8,344.5,Прикладная математика,ст. Белый Яр (Томск.),8 (801) 406-4837,,83.0,,,98.0,95.0
Щукин Фирс Харламович,2020,Целевое,7.1,277.5,Кибербезопасность,ст. Аргаяш,8 (120) 800-66-92,,77.0,,,67.0,62.0
Марина Никифоровна Рогова,2020,Платка,8.5,291.9,Прикладная информатика,клх Южно-Курильск,+72878984584,62.0,,,93.0,,52.0
Крюков Савватий Бенедиктович,2021,Платка,7.7,224.4,Международные отношения,клх Верещагино (Перм.),+7 (040) 189-87-34,,36.0,,42.0,69.0,
Воронова Майя Аркадьевна,2023,Бюджет,5.7,320.3,История,ст. Игнашино,+7 990 732 4969,,86.0,,87.0,,90.0
Емельян Харламович Рогов,2021,Целевое,5.4,250.8,Лечебное дело,с. Петрозаводск,8 (774) 102-3768,,,58.0,73.0,66.0,
Анжелика Архиповна Турова,2021,Бюджет,8.7,318.4,Психология,г. Ардон,+7 428 571 1010,,,75.0,72.0,,84.0
Костин Руслан Васильевич,2022,Целевое,8.7,353.7,Философия,д. Чехов,8 (094) 214-2672,100.0,81.0,86.0,,,
Беспалов Трофим Фомич,2020,Целевое,8.5,271.8,Информатика,с. Дудинка,8 765 686 9754,,62.0,60.0,65.0,,
Логинов Назар Юльевич,2020,Бюджет,6.7,353.3,Информатика,п. Киренск,8 (307) 674-1048,100.0,95.0,,,,91.0
Турова Эмилия Николаевна,2020,Целевое,4.4,324.6,Прикладная математика,д. Каменск-Уральский,8 (189) 910-8428,,92.0,100.0,89.0,,
Лариса Кирилловна Логинова,2021,Платка,5.1,308.1,История,г. Воркута,8 627 131 0303,,87.0,87.0,83.0,,
Варфоломей Устинович Симонов,2021,Бюджет,6.5,311.3,Международные отношения,с. Урай,82902268339,84.0,,,,77.0,85.0
Наумова Алина Мироновна,2020,Платка,8.1,290.2,История,клх Троицко-Печорск,+70216104561,77.0,59.0,73.0,,,
Светлана Геннадьевна Кудряшова,2022,Целевое,7.0,309.3,Кибербезопасность,г. Боровск,+7 (694) 447-5433,,70.0,82.0,,,87.0
Эмилия Антоновна Белозерова,2023,Платка,7.2,257.2,Кибербезопасность,ст. Киренск,+7 (349) 121-4084,58.0,,,71.0,56.0,
Пахом Бориславович Галкин,2020,Целевое,7.3,218.1,Радиофизика,г. Ижевск,+7 582 030 68 46,,,,52.0,47.0,46.0
Ираида Яковлевна Исаева,2022,Целевое,7.4,341.1,Информатика,ст. Апатиты,88768369782,,84.0,,,83.0,100.0
Зайцева Агафья Петровна,2019,Целевое,7.3,226.7,Философия,д. Снежинск,8 (742) 940-92-25,48.0,65.0,,41.0,,
Силин Алексей Гурьевич,2019,Платка,8.4,313.0,Прикладная математика,с. Сковородино,8 (554) 494-53-78,85.0,,70.0,,,74.0
Никифоров Станислав Эдгардович,2021,Целевое,8.2,329.0,Психология,ст. Лянтор,+7 982 700 6225,,,76.0,71.0,100.0,
Януарий Фокич Брагин,2023,Целевое,6.9,369.0,Кибербезопасность,д. Новый Уренгой,8 205 430 61 25,100.0,100.0,100.0,,,
Самойлова Пелагея Леонидовна,2023,Целевое,6.4,234.0,Международные отношения,клх Диксон,+7 (196) 475-23-02,,59.0,,55.0,56.0,
Ангелина Григорьевна Тарасова,2019,Бюджет,6.0,335.2,Прикладная математика,клх Агата,+7 (278) 782-1035,90.0,85.0,100.0,,,
Емельянова Зоя Дмитриевна,2020,Целевое,7.8,314.1,Прикладная информатика,к. Учалы,8 (837) 616-2064,59.0,,,100.0,,77.0
Тимофеев Платон Матвеевич,2023,Бюджет,7.9,331.6,Психология,п. Кулу,86042097535,100.0,,77.0,,,76.0
Аристарх Дорофеевич Никифоров,2023,Целевое,7.9,331.5,Психология,ст. Красноуфимск,8 (396) 147-46-93,,,74.0,,94.0,85.0
Серафим Иларионович Тимофеев,2022,Целевое,8.3,288.9,Информатика,д. Яшкуль,8 020 938 6301,83.0,70.0,,,,53.0
Белов Эмиль Валерианович,2022,Бюджет,8.7,288.6,Философия,п. Сургут (Хант.),+7 339 940 0989,80.0,,69.0,53.0,,
Ершов Радим Антонович,2019,Целевое,6.6,323.0,Прикладная математика,г. Шатой,8 508 203 61 53,73.0,,100.0,,84.0,
Кира Георгиевна Егорова,2019,Целевое,7.8,261.3,Прикладная информатика,п. Азов (Рост.),8 165 306 7832,48.0,,68.0,67.0,,
Соболева Виктория Харитоновна,2019,Платка,10.0,361.0,Психология,ст. Россошь,+7 (243) 160-38-80,,,79.0,82.0,100.0,
Любомир Еремеевич Волков,2022,Бюджет,7.2,322.3,Лечебное дело,п. Волхов,8 448 582 54 68,,,74.0,,76.0,100.0
Анатолий Устинович Осипов,2022,Платка,5.7,329.8,Радиофизика,к. Терней,85277372326,,,100.0,95.0,78.0,
Комарова Олимпиада Владиславовна,2021,Платка,7.7,287.1,Прикладная информатика,к. Петухово,+7 010 468 4528,69.0,,,66.0,,75.0
Русакова Ксения Константиновна,2019,Платка,6.1,295.3,Лечебное дело,ст. Нефтегорск (Самар.),85866902442,66.0,92.0,,76.0,,
Наталья Артемовна Журавлева,2020,Бюджет,5.8,328.5,Радиофизика,клх Кировск (Мурм.),83859177965,,,100.0,,82.0,88.0
Алина Леонидовна Крылова,2020,Платка,10.0,289.0,Международные отношения,ст. Анапа,8 455 955 04 11,,,63.0,63.0,,63.0
Симонова Галина Евгеньевна,2023,Бюджет,7.1,360.2,Прикладная информатика,с. Хасавюрт,8 (596) 126-9825,93.0,,,100.0,96.0,
Ирина Юрьевна Сергеева,2020,Бюджет,7.6,322.0,Лечебное дело,д. Сузун,+7 (591) 855-87-81,81.0,,,,78.0,87.0
Чернов Спартак Вячеславович,2022,Бюджет,6.9,369.3,Радиофизика,г. Ахтубинск,+7 (377) 885-7278,,,100.0,100.0,,100.0
Ипполит Измаилович Большаков,2021,Платка,8.3,335.2,Кибербезопасность,ст. Кропоткин (Краснод.),8 788 801 98 97,,90.0,,,83.0,79.0
Михайлов Ростислав Филиппович,2020,Платка,10.0,288.0,Философия,ст. Усть-Ордынский,83474481603,,,63.0,61.0,64.0,
Ладимир Анисимович Волков,2019,Бюджет,8.5,305.2,Прикладная математика,ст. Тырныауз,8 (704) 866-35-31,,,80.0,,59.0,81.0
Валентина Геннадьевна Маслова,2023,Бюджет,6.1,269.6,Лечебное дело,клх Домбай,+7 593 862 56 78,,,64.0,71.0,74.0,
Белова Октябрина Харитоновна,2022,Бюджет,8.0,312.9,История,ст. Тымовское,8 113 684 54 99,,,64.0,88.0,81.0,
Арсений Ефимьевич Кошелев,2019,Платка,5.7,267.8,Психология,клх Тулпан,+7 311 494 69 21,68.0,61.0,,,82.0,
Анжела Вадимовна Стрелкова,2020,Целевое,8.4,295.3,Психология,клх Петушки,8 (538) 606-97-65,85.0,57.0,69.0,,,
Блинов Автоном Матвеевич,2022,Бюджет,7.2,221.0,Философия,п. Ряжск,8 386 852 36 49,69.0,29.0,,,,51.0
Корнилов Рюрик Иосифович,2019,Бюджет,7.7,237.6,Прикладная информатика,к. Котельнич,+7 (628) 198-46-07,,,,58.0,36.0,67.0
Доронина Акулина Вадимовна,2023,Бюджет,6.3,357.2,Философия,п. Балашиха,+77688446863,,100.0,99.0,,95.0,
Аксенова Прасковья Антоновна,2019,Бюджет,7.0,305.4,Международные отношения,ст. Гремячинск (Перм.),+74637879239,80.0,78.0,77.0,,,
Александрова Александра Робертовна,2023,Целевое,10.0,360.0,Информатика,д. Озеры,8 (053) 114-9949,,86.0,,79.0,95.0,
Филатов Пахом Власович,2021,Целевое,6.8,227.5,Прикладная информатика,г. Апшеронск,8 (574) 933-0476,,47.0,58.0,55.0,,
Алина Тарасовна Гордеева,2019,Целевое,7.9,285.3,Психология,ст. Яшалта,+7 783 905 3298,,75.0,60.0,,71.0,
Всеволод Гурьевич Сазонов,2023,Бюджет,8.3,311.6,Психология,ст. Онега,+7 (481) 053-10-98,84.0,70.0,75.0,,,
Анастасия Вениаминовна Маркова,2023,Платка,7.5,287.7,Радиофизика,д. Новгород Великий,8 (831) 572-1092,,59.0,,83.0,71.0,
Брагин Остромир Адрианович,2021,Бюджет,7.3,310.6,Психология,п. Темрюк,8 (364) 726-4570,,69.0,81.0,88.0,,
Святополк Ермилович Шарапов,2020,Целевое,9.1,321.7,Информатика,с. Архангельск,+7 (244) 729-2882,76.0,,,,76.0,79.0
Ангелина Константиновна Морозова,2019,Бюджет,7.3,298.4,Философия,ст. Тюмень,88196907591,81.0,,67.0,77.0,,
Евпраксия Владимировна Русакова,2023,Целевое,6.3,326.9,Прикладная математика,д. Мезень,+7 079 203 84 14,100.0,,93.0,,,71.0
Нина Григорьевна Лазарева,2021,Платка,8.3,289.5,Лечебное дело,к. Химки,+7 233 666 5568,,78.0,62.0,67.0,,
Давыдов Федот Елизарович,2019,Платка,8.7,291.7,Лечебное дело,ст. Апрелевка,8 725 530 9999,,,63.0,,60.0,82.0
Емельянов Руслан Васильевич,2020,Бюджет,6.8,268.2,Философия,г. Ангарск,+75035446741,,,73.0,66.0,,61.0
Хохлов Нифонт Игоревич,2022,Целевое,6.9,267.3,Кибербезопасность,к. Вендинга,8 257 238 12 78,66.0,58.0,74.0,,,
Анисим Харлампович Панфилов,2019,Платка,7.2,267.4,Лечебное дело,г. Петропавловск-Камчатский,+7 848 005 5386,,,66.0,58.0,,71.0
Беляков Милен Денисович,2022,Платка,7.5,345.8,Прикладная математика,ст. Клин,+7 (443) 449-51-79,,95.0,97.0,,79.0,
Беспалова Клавдия Григорьевна,2020,Платка,6.5,243.1,Психология,п. Середниково,85640133491,62.0,56.0,,60.0,,
Андроник Жанович Самойлов,2021,Целевое,8.3,345.3,Прикладная математика,п. Фатеж,+7 (023) 649-85-18,,85.0,,,97.0,80.0
Мишина Ираида Аркадьевна,2019,Платка,6.6,267.7,Прикладная математика,ст. Котлас,81113559772,,64.0,74.0,,64.0,
Архипова Ия Романовна,2019,Целевое,10.0,338.0,Радиофизика,с. Ведено,8 (170) 352-8963,,84.0,,,79.0,75.0
Мария Константиновна Белоусова,2023,Целевое,6.5,296.3,Психология,г. Усть-Камчатск,+72468785751,,,88.0,75.0,,68.0
Ирина Михайловна Наумова,2019,Целевое,6.6,204.9,Философия,с. Ребриха,88112726595,,,52.0,36.0,,51.0
Костин Елисей Дмитриевич,2022,Бюджет,6.8,333.1,Прикладная информатика,д. Красноуфимск,8 (383) 932-1005,81.0,97.0,,,87.0,
Аполлинарий Викторович Никитин,2021,Целевое,8.9,279.2,Радиофизика,г. Кулунда,+7 794 181 7249,78.0,65.0,,,,47.0
Соболев Ульян Витальевич,2021,Целевое,9.0,298.9,Радиофизика,ст. Двинской,86051146174,80.0,,64.0,,,65.0
Михеев Панкрат Давидович,2020,Целевое,7.0,207.6,Информатика,с. Красноуральск,81840928416,,48.0,,,42.0,48.0
Лора Кирилловна Ефремова,2019,Платка,8.1,306.2,История,клх Оймякон,8 (045) 644-52-72,,68.0,77.0,,,80.0
Никонов Вадим Ерофеевич,2023,Целевое,7.9,329.0,Международные отношения,п. Усть-Катав,8 (508) 457-19-36,,77.0,,,100.0,73.0
Пахомов Христофор Юлианович,2020,Целевое,7.6,284.8,Психология,клх Таганрог,+7 (335) 818-5994,,,61.0,72.0,,76.0
Харитонова Ульяна Тарасовна,2023,Целевое,8.3,382.7,Прикладная информатика,с. Байкальск,+7 320 824 8093,100.0,100.0,,,100.0,
Ипполит Марсович Макаров,2020,Целевое,5.4,335.9,Кибербезопасность,п. Амдерма,8 435 301 7428,,82.0,100.0,,100.0,
Синклитикия Станиславовна Зиновьева,2019,Бюджет,9.3,232.0,Международные отношения,с. Троицко-Печорск,+7 942 670 12 28,,,31.0,59.0,,49.0
Калашникова Василиса Васильевна,2022,Целевое,7.4,297.3,Международные отношения,п. Чехов,+7 (621) 783-51-73,,,63.0,,100.0,60.0
Анастасия Богдановна Маркова,2022,Бюджет,5.9,306.3,Радиофизика,ст. Челюскин,8 544 772 29 14,,,96.0,71.0,80.0,
Субботин Вениамин Германович,2020,Бюджет,6.2,295.3,Прикладная математика,к. Ставрополь,89741619886,85.0,,,,72.0,76.0
Лев Филатович Константинов,2023,Бюджет,6.9,303.6,Международные отношения,г. Усть-Кут,89335411955,,,82.0,86.0,,67.0
Князева Нонна Вадимовна,2023,Целевое,6.1,255.6,История,г. Яшкуль,8 (673) 955-7392,,55.0,,,80.0,60.0
София Максимовна Якушева,2023,Платка,7.4,373.7,Международные отношения,с. Якутск,8 (841) 596-7095,,,100.0,,100.0,100.0
Дорофеева Маргарита Филипповна,2022,Платка,6.8,320.1,Лечебное дело,г. Борзя,8 364 333 72 56,,95.0,78.0,,,79.0
Лазарев Автоном Евстигнеевич,2021,Платка,9.5,277.7,Психология,ст. Белореченск,8 668 987 17 07,,54.0,83.0,46.0,,
Пелагея Петровна Горбачева,2021,Платка,8.8,349.4,Кибербезопасность,к. Омск,+7 (907) 295-48-93,,,100.0,85.0,76.0,
Владимиров Пантелеймон Трифонович,2020,Платка,6.6,259.9,Прикладная информатика,п. Казань,+7 075 158 5554,60.0,,62.0,,72.0,
Горбачев Максимильян Валерьевич,2022,Платка,8.6,247.6,Радиофизика,к. Туапсе,87995906419,,48.0,,,43.0,71.0
Королева Любовь Геннадиевна,2019,Бюджет,9.3,318.3,История,к. Елатьма,8 968 283 38 46,80.0,,,61.0,,84.0
Коновалов Спиридон Димитриевич,2022,Платка,5.8,298.4,Радиофизика,п. Губкин,88093708835,,82.0,,83.0,75.0,
Журавлев Ферапонт Гертрудович,2022,Целевое,6.7,349.2,Международные отношения,к. Юровск,8 (706) 421-70-41,100.0,,95.0,,87.0,
Илья Анатольевич Борисов,2020,Платка,6.5,254.0,Радиофизика,г. Ессентуки,+7 (103) 074-8872,56.0,,,75.0,,58.0
Пахомов Василий Тихонович,2021,Целевое,6.8,298.1,Международные отношения,с. Златоуст,8 (949) 106-1832,87.0,,68.0,,,75.0
Ксения Геннадьевна Агафонова,2020,Целевое,8.4,341.0,История,д. Томари,8 (061) 441-0366,,,,73.0,100.0,84.0
Панова Антонина Львовна,2023,Целевое,6.6,239.8,Кибербезопасность,г. Терней,82533919576,46.0,,,70.0,,58.0
Онуфрий Викентьевич Яковлев,2022,Бюджет,6.4,196.1,Философия,к. Теберда,8 491 874 06 05,,49.0,,32.0,,51.0
Элеонора Робертовна Кондратьева,2020,Платка,6.7,288.2,Психология,д. Егорьевск,+78329420513,88.0,64.0,,,,69.0
Прохоров Игорь Зиновьевич,2022,Платка,6.8,306.1,Информатика,г. Карачаевск,88712322458,86.0,,,80.0,,72.0
Васильев Симон Бориславович,2019,Платка,4.5,319.3,Прикладная математика,д. Кирово-Чепецк,8 992 226 14 76,,,79.0,99.0,96.0,
Натан Демьянович Костин,2020,Бюджет,6.8,253.8,Лечебное дело,к. Андреаполь,8 704 010 3991,,,63.0,65.0,58.0,
Мария Рудольфовна Журавлева,2020,Платка,7.9,319.1,Международные отношения,с. Эльтон,8 314 179 9076,81.0,,75.0,84.0,,
Марфа Станиславовна Дорофеева,2021,Платка,7.0,285.9,Кибербезопасность,клх Белгород,+7 457 457 8161,,,70.0,83.0,63.0,
Селиверст Фадеевич Зиновьев,2021,Бюджет,8.9,351.4,История,г. Сосьва (Хант.),8 (186) 870-13-65,,75.0,,87.0,100.0,
Гусева Ангелина Аскольдовна,2022,Платка,7.1,239.8,История,д. Эльтон,+76963019488,59.0,,59.0,51.0,,
Медведев Нифонт Бориславович,2020,Бюджет,8.5,329.0,История,ст. Черкесск,8 060 215 79 49,99.0,75.0,,70.0,,
Кулагина Татьяна Семеновна,2019,Платка,8.9,193.7,Прикладная информатика,к. Новороссийск,87939084173,,22.0,,,39.0,44.0
Шестакова Зинаида Валериевна,2023,Целевое,7.7,344.2,Международные отношения,с. Уэлен,8 (317) 049-80-90,,78.0,,89.0,,100.0
Родион Васильевич Елисеев,2019,Платка,6.5,295.7,Радиофизика,д. Лесной (Сверд.),86827122647,,69.0,97.0,,,65.0
Шарапова Анна Борисовна,2020,Целевое,8.7,320.5,Международные отношения,г. Шелехов,87180390564,,77.0,,,80.0,76.0
Бирюкова Ольга Афанасьевна,2022,Целевое,8.0,280.5,Лечебное дело,клх Североуральск,+73694405515,63.0,73.0,,,65.0,
Герман Антипович Пестов,2019,Платка,8.0,342.0,История,г. Касимов,+7 216 279 5397,100.0,,90.0,,,72.0
Вера Наумовна Лазарева,2023,Целевое,9.3,372.0,Международные отношения,п. Кабанск,+7 753 863 6836,,93.0,,88.0,,98.0
Елизавета Святославовна Крылова,2021,Бюджет,10.0,341.0,Психология,д. Красновишерск,+7 (459) 382-8115,,72.0,86.0,,,83.0
Ярослав Тимурович Дьячков,2021,Платка,7.8,329.7,Информатика,клх Бомнак,+75928737934,,83.0,,92.0,77.0,
Касьян Артемьевич Владимиров,2020,Бюджет,9.4,317.1,Информатика,ст. Лазаревское,8 (615) 273-89-03,,,72.0,,73.0,78.0
Адриан Дмитриевич Терентьев,2020,Целевое,8.8,269.1,Прикладная математика,к. Нефтегорск (Самар.),8 443 959 7954,63.0,,,,64.0,54.0
Потапова Виктория Валериевна,2019,Платка,6.3,212.9,Психология,с. Горно-Алтайск,8 426 181 91 49,48.0,,59.0,,,43.0
Ермолай Глебович Белоусов,2023,Платка,5.9,213.5,Радиофизика,с. Охотск,8 196 072 33 38,,40.0,,,53.0,61.0
Абрамова Лукия Степановна,2023,Платка,7.2,296.1,Психология,ст. Соликамск,+7 693 068 12 56,65.0,89.0,,,,70.0
Бобылева Таисия Романовна,2021,Бюджет,8.3,281.4,Прикладная информатика,д. Пушкино (Моск.),8 498 620 08 01,,67.0,77.0,54.0,,
Нифонт Ефремович Карпов,2023,Целевое,10.0,400.0,Международные отношения,ст. Петрозаводск,+7 564 337 47 76,100.0,,100.0,,100.0,
Дьячкова Иванна Артемовна,2021,Целевое,7.3,298.3,Прикладная информатика,к. Богучар,8 059 000 1485,74.0,76.0,,,75.0,
Таисия Кирилловна Селиверстова,2020,Платка,6.6,251.4,Психология,к. Северо-Курильск,8 587 567 19 45,65.0,63.0,57.0,,,
Белова Октябрина Романовна,2019,Целевое,8.8,296.1,Прикладная математика,г. Калязин,+7 (361) 491-02-66,,45.0,94.0,,69.0,
Гришин Трифон Алексеевич,2019,Целевое,5.8,302.1,Прикладная информатика,п. Юрьевец (Иван.),8 (551) 080-00-17,,67.0,93.0,,,84.0
г-жа Волкова Таисия Афанасьевна,2019,Целевое,9.0,291.3,Международные отношения,с. Волгоград,+7 832 737 42 67,,47.0,,,79.0,75.0
Белоусов Остромир Захарьевич,2021,Бюджет,6.0,313.3,Прикладная информатика,г. Россошь,80400859234,,79.0,,85.0,,89.0
Моисеев Ростислав Архипович,2019,Платка,8.0,333.3,Кибербезопасность,д. Кажим,8 (589) 985-18-46,,,,88.0,87.0,78.0
Щербакова Кира Богдановна,2020,Целевое,8.2,307.1,Прикладная информатика,к. Калининград,87627341173,,78.0,80.0,67.0,,
Таисия Тимофеевна Гордеева,2023,Платка,7.3,298.8,Информатика,клх Арзамас,84329943049,60.0,,90.0,,76.0,
Бобылев Максим Фадеевич,2022,Платка,5.6,257.3,Психология,г. Дагомыс,+7 (333) 261-5086,62.0,61.0,,,,78.0
Евдокия Ефимовна Голубева,2023,Целевое,9.5,335.4,Лечебное дело,ст. Чехов,8 (819) 223-81-09,66.0,,,74.0,100.0,
Милован Денисович Лаврентьев,2020,Платка,7.5,296.5,Лечебное дело,г. Касимов,+7 361 293 23 00,74.0,,79.0,69.0,,
Бирюков Елизар Ааронович,2020,Целевое,7.4,357.3,Радиофизика,д. Таганрог,8 (471) 734-18-31,84.0,,100.0,99.0,,
Чернова Фёкла Романовна,2022,Целевое,7.7,295.1,Прикладная математика,клх Оха,8 (962) 836-68-65,,88.0,,,63.0,67.0
Владлен Елисеевич Морозов,2020,Платка,6.6,269.7,Прикладная информатика,ст. Ачхой Мартан,+73613108674,69.0,72.0,,,,63.0
Крылова Евфросиния Руслановна,2020,Платка,8.7,303.3,Радиофизика,г. Ирбит,+7 (158) 771-47-82,65.0,,72.0,,79.0,
Касьян Анатольевич Воробьев,2019,Целевое,8.7,353.2,Кибербезопасность,клх Нижний Новгород,8 (847) 003-9231,86.0,93.0,87.0,,,
Горшкова Лукия Сергеевна,2019,Бюджет,8.1,200.2,Международные отношения,г. Казань,87404956120,,36.0,29.0,,54.0,
Кира Семеновна Турова,2019,Платка,5.8,229.1,Психология,п. Адлер,+7 041 528 11 32,68.0,51.0,,,,52.0
Оксана Наумовна Овчинникова,2023,Целевое,6.4,251.6,История,с. Когалым,+7 563 632 01 28,64.0,,,74.0,,50.0
тов. Одинцова Лукия Матвеевна,2019,Платка,8.3,383.4,Прикладная математика,клх Меренга,+7 (923) 769-72-28,100.0,100.0,,,100.0,
Калинина Марина Максимовна,2019,Бюджет,8.9,314.8,Психология,с. Белоярский,8 005 382 2534,70.0,,,60.0,96.0,
Федоров Климент Анисимович,2023,Бюджет,9.7,319.7,Психология,клх Миасс,81265306087,,,67.0,,71.0,85.0
Жанна Георгиевна Вишнякова,2020,Целевое,8.2,348.5,Международные отношения,клх Иркутск,8 (074) 491-55-90,98.0,,,92.0,,76.0
Овчинникова Анжелика Васильевна,2021,Платка,8.2,233.4,Кибербезопасность,г. Богучар,84558962491,47.0,43.0,,61.0,,
Регина Альбертовна Потапова,2021,Платка,8.2,306.7,Радиофизика,клх Учалы,8 670 626 8286,63.0,82.0,,,,80.0
Самойлова Иванна Филипповна,2023,Бюджет,5.5,346.1,Психология,п. Валдай,83543379417,,93.0,,98.0,,100.0
Епифан Яковлевич Лукин,2021,Бюджет,6.2,306.0,Информатика,ст. Архангельск,8 102 328 5823,,,,79.0,83.0,82.0
Поликарп Артемьевич Сысоев,2022,Платка,7.5,356.4,История,п. Торжок,+7 526 702 17 24,,92.0,98.0,91.0,,
Всемил Гавриилович Калашников,2022,Целевое,7.0,329.8,Психология,п. Шатки,80599627231,,,85.0,91.0,,84.0
Панова Евфросиния Рудольфовна,2023,Бюджет,6.4,292.3,Прикладная информатика,клх Неплюевка,+7 027 487 81 73,,75.0,,,85.0,68.0
Аггей Августович Кондратьев,2019,Целевое,8.7,317.4,Психология,ст. Моздок,+7 713 623 9599,77.0,,81.0,,72.0,
Парамон Елисеевич Голубев,2023,Бюджет,8.8,277.8,Лечебное дело,д. Новомосковск,+7 (335) 966-0643,,,,56.0,58.0,76.0
Евпраксия Тимуровна Гусева,2019,Платка,7.0,288.7,Психология,д. Калевала,+77234320518,,,85.0,76.0,,58.0
Викентий Жанович Мамонтов,2023,Целевое,7.2,365.6,Международные отношения,клх Тольятти,8 (923) 467-9885,,100.0,,,100.0,94.0
Якуб Богданович Герасимов,2020,Платка,7.5,213.6,Лечебное дело,с. Шаховская,89199700138,,,41.0,,42.0,56.0
Марина Натановна Кулакова,2023,Целевое,7.2,334.4,Психология,ст. Амдерма,+7 212 976 51 57,100.0,,71.0,91.0,,
Морозова Анжелика Николаевна,2022,Платка,7.7,312.0,Психология,г. Кежма,8 341 386 05 55,,64.0,,79.0,92.0,
Фотий Тихонович Игнатьев,2021,Целевое,6.9,339.6,Международные отношения,ст. Норильск,+7 (835) 464-5812,,,75.0,,96.0,100.0
Екатерина Валериевна Наумова,2023,Платка,9.2,307.0,Международные отношения,п. Новомичуринск,8 923 104 6480,72.0,63.0,,,,80.0
Ксения Олеговна Агафонова,2021,Бюджет,8.3,280.6,Лечебное дело,г. Белогорск (Амур.),+7 143 811 4681,57.0,,70.0,,,71.0
Воронова Василиса Аскольдовна,2022,Бюджет,6.8,321.6,Радиофизика,ст. Губкинский,+76446454151,,63.0,,,97.0,94.0
Орехов Сократ Васильевич,2020,Платка,9.9,329.1,Прикладная информатика,клх Беслан,8 542 169 40 76,,72.0,77.0,81.0,,
Беляев Фирс Фокич,2022,Бюджет,7.5,276.6,Кибербезопасность,п. Енисейск,+7 051 504 10 04,,,,78.0,65.0,59.0
Дарья Алексеевна Блинова,2022,Целевое,8.9,386.3,Психология,к. Ухта,85026983593,,,97.0,100.0,,100.0
Акулина Рубеновна Потапова,2021,Целевое,8.3,383.2,Философия,п. Комсомольск-на-Амуре,8 580 880 17 26,100.0,,,100.0,,100.0
Алла Алексеевна Шилова,2023,Платка,8.8,388.3,История,клх Когалым,+72878647234,,100.0,,100.0,,100.0
Валерьян Дмитриевич Дементьев,2019,Бюджет,9.2,370.6,Прикладная информатика,п. Ахтубинск,+7 760 872 75 69,87.0,92.0,100.0,,,
Феврония Валентиновна Копылова,2022,Бюджет,6.5,345.2,Кибербезопасность,г. Салехард,+7 236 294 1441,84.0,,,99.0,,97.0
Фаина Павловна Новикова,2021,Бюджет,7.7,331.3,Психология,с. Октябрьское (Челяб.),8 (340) 204-52-72,100.0,79.0,,75.0,,
Ситникова Василиса Геннадьевна,2021,Платка,10.0,332.0,Информатика,п. Кежма,8 (141) 602-3893,,,90.0,,81.0,61.0
Пестов Бажен Евстигнеевич,2022,Целевое,7.4,314.9,Кибербезопасность,ст. Тымовское,8 (993) 251-24-44,73.0,,81.0,,87.0,
Артем Александрович Авдеев,2019,Целевое,7.7,314.3,Международные отношения,ст. Оха,+7 (557) 719-67-28,,,69.0,,88.0,80.0
Никанор Харитонович Николаев,2023,Бюджет,8.9,354.3,Международные отношения,ст. Вендинга,8 354 846 59 91,,87.0,83.0,,,95.0
Мартынова Глафира Николаевна,2021,Целевое,7.4,251.2,Информатика,клх Корсаков,8 (792) 614-8615,,66.0,,57.0,,54.0
Прохоров Вячеслав Аксёнович,2020,Бюджет,8.0,252.3,Радиофизика,г. Казань,8 409 864 78 51,,49.0,,,41.0,82.0
Никитина Фаина Дмитриевна,2021,Платка,6.8,265.2,Международные отношения,к. Усть-Ишим,+7 517 225 0034,,56.0,73.0,,,68.0
Зинаида Ильинична Ершова,2019,Бюджет,9.7,277.2,История,с. Терскол,+77448001835,,49.0,,,72.0,59.0
Филатова Фёкла Константиновна,2021,Целевое,7.8,227.9,Психология,ст. Королев,+7 (185) 910-76-82,,42.0,,51.0,,57.0
Светозар Бориславович Лобанов,2019,Целевое,7.4,284.0,Психология,клх Стрежевой,8 337 742 9915,77.0,,,53.0,,80.0
Вацлав Гавриилович Соловьев,2020,Целевое,8.0,365.4,История,к. Ардон,8 (942) 717-79-46,,92.0,93.0,,100.0,
Клавдия Ильинична Макарова,2021,Целевое,7.4,362.9,Прикладная математика,клх Вологда,82149997233,96.0,,93.0,100.0,,
Михей Евстигнеевич Мухин,2021,Платка,5.8,352.8,Кибербезопасность,с. Северо-Курильск,83799624523,,95.0,,100.0,100.0,
Павлов Аким Чеславович,2019,Платка,7.0,306.6,Лечебное дело,п. Хужир,+7 (167) 153-2079,,80.0,65.0,,,92.0
Королев Ярослав Феодосьевич,2020,Целевое,8.4,169.1,Кибербезопасность,ст. Мокшан,+7 (012) 475-0218,27.0,39.0,,,19.0,
Самсон Захарьевич Харитонов,2021,Платка,7.5,336.0,Международные отношения,клх Ноглики,+7 332 458 1567,86.0,90.0,,85.0,,
Зинаида Афанасьевна Новикова,2019,Бюджет,7.5,261.3,Прикладная информатика,д. Бодайбо,+7 (800) 431-0156,,50.0,75.0,,,61.0
Платон Александрович Ефимов,2022,Бюджет,6.3,281.0,Международные отношения,клх Златоуст,84886081807,,58.0,,72.0,88.0,
Ангелина Егоровна Федорова,2021,Целевое,8.2,316.9,Философия,ст. Вилюйск,+7 301 544 9509,95.0,76.0,,,,64.0
Громов Тимофей Чеславович,2019,Целевое,8.3,358.4,История,с. Егорьевск,88116771372,,,100.0,84.0,,91.0
Данила Герасимович Беспалов,2023,Платка,6.9,352.6,Международные отношения,п. Соловки,8 325 006 03 30,,,90.0,94.0,100.0,
Кира Натановна Соболева,2021,Целевое,9.6,384.8,Прикладная математика,д. Коломна,+72529999671,,,94.0,100.0,,95.0
Любовь Геннадиевна Шубина,2019,Платка,8.0,295.1,Лечебное дело,к. Серов,8 (479) 456-6834,,,,68.0,69.0,78.0
Павел Виленович Туров,2023,Бюджет,9.6,360.7,Информатика,п. Грозный,86390050917,85.0,100.0,,,,80.0
Парамон Евсеевич Емельянов,2022,Целевое,6.3,323.7,Прикладная информатика,клх Новгород Великий,8 (230) 676-1262,82.0,,91.0,,,88.0
Якушев Мирослав Андреевич,2022,Целевое,6.9,278.2,Философия,п. Шелехов,+7 811 677 6730,,76.0,,78.0,,55.0
Лаврентий Артемьевич Осипов,2020,Платка,8.8,355.6,Прикладная информатика,клх Сосновый Бор,+7 484 311 6015,,97.0,88.0,,,83.0
Шарапова Ия Яковлевна,2021,Целевое,7.3,366.9,Радиофизика,с. Палана,+7 170 430 90 83,94.0,100.0,,100.0,,
Кузнецов Бажен Фёдорович,2021,Бюджет,9.2,367.6,Лечебное дело,ст. Талдом,+7 396 548 56 72,100.0,,,93.0,,83.0
Галина Робертовна Ширяева,2023,Бюджет,6.8,304.4,Кибербезопасность,п. Североморск,+7 187 084 5971,,73.0,79.0,84.0,,
Зыков Павел Демьянович,2023,Бюджет,7.1,304.6,История,г. Рубцовск,+7 (153) 024-84-90,,,73.0,67.0,94.0,
Лора Наумовна Осипова,2020,Бюджет,7.1,286.7,Психология,клх Оса,+75894377789,,55.0,95.0,66.0,,
Русаков Мина Филиппович,2020,Бюджет,7.9,245.2,Прикладная информатика,д. Бавлы,8 063 157 64 30,,66.0,58.0,,42.0,
Боброва Екатерина Егоровна,2019,Бюджет,8.7,287.0,История,г. Змеиногорск,+76971773056,,70.0,56.0,74.0,,
Кононова Вера Федоровна,2021,Бюджет,8.5,299.2,Кибербезопасность,клх Оленегорск (Якут.),+7 (879) 624-9608,,62.0,59.0,93.0,,
Мухин Болеслав Аксёнович,2022,Целевое,8.0,314.6,Международные отношения,к. Терней,+7 784 814 42 68,77.0,,,67.0,,91.0
Андреева Мария Михайловна,2021,Целевое,7.3,333.6,Информатика,с. Ижевск,8 111 000 17 66,,,,94.0,90.0,77.0
Милан Фадеевич Харитонов,2020,Целевое,8.4,314.8,Международные отношения,с. Комсомольск-на-Амуре,+7 363 841 98 48,,71.0,,70.0,90.0,
Афиноген Афанасьевич Игнатов,2019,Бюджет,7.9,273.2,Прикладная информатика,д. Сосновый Бор,+78471868022,48.0,,,,77.0,69.0
Авдеева Тамара Борисовна,2022,Целевое,8.8,349.3,Философия,к. Инта,+7 622 745 3437,,,,100.0,99.0,62.0
Петров Нифонт Артурович,2023,Бюджет,9.8,273.0,История,с. Змеиногорск,8 (691) 953-7563,,56.0,51.0,68.0,,
Карпов Семен Григорьевич,2023,Целевое,7.7,326.8,История,п. Шатой,8 622 699 6820,87.0,83.0,,,,80.0
Симонова Валерия Степановна,2023,Платка,8.8,354.6,Прикладная информатика,г. Кыштым,8 (876) 251-06-27,85.0,,,,82.0,100.0
Карл Викторович Дроздов,2019,Целевое,9.5,374.6,Радиофизика,ст. Шелагонцы,8 (256) 390-82-65,98.0,,90.0,,92.0,
Красильников Демьян Гордеевич,2022,Бюджет,7.9,248.9,Радиофизика,с. Тутаев,8 604 921 8876,58.0,51.0,,,,61.0
Дементьева Наина Геннадьевна,2022,Целевое,7.2,338.1,Философия,д. Кыштым,+7 (092) 823-37-26,,96.0,,85.0,,85.0
Демьян Харлампьевич Суворов,2021,Платка,8.3,359.4,Прикладная информатика,д. Переславль-Залесский,+76947659638,,,100.0,100.0,,76.0
Пономарев Анисим Гурьевич,2019,Бюджет,7.3,293.9,Кибербезопасность,с. Дзержинск,86451537048,,66.0,,76.0,,79.0
Никифорова Феврония Наумовна,2023,Бюджет,6.5,288.8,Прикладная информатика,д. Абакан,+74703732410,63.0,94.0,,,67.0,
Наталья Руслановна Князева,2022,Платка,9.5,242.7,Психология,д. Баргузин,+71791849814,47.0,,,47.0,,54.0
Фаина Леонидовна Куликова,2023,Платка,7.1,357.1,Кибербезопасность,ст. Томари,+7 (739) 699-7866,,86.0,100.0,100.0,,
Моисеев Захар Тихонович,2022,Бюджет,8.7,206.3,Прикладная информатика,г. Куртамыш,+7 553 316 52 28,,24.0,,73.0,22.0,
Лука Артурович Федотов,2021,Целевое,8.5,385.2,История,д. Павловский Посад,83231261520,,,100.0,100.0,,100.0
Власова Клавдия Владимировна,2021,Бюджет,6.6,334.0,Философия,ст. Якутск,8 350 272 4435,,86.0,88.0,,94.0,
Самсонов Фортунат Ефремович,2021,Бюджет,6.2,248.8,Прикладная информатика,к. Апатиты,8 643 370 3391,68.0,,60.0,,,59.0
Титов Эрнест Яковлевич,2020,Целевое,6.3,304.1,Информатика,д. Ноябрьск,8 (182) 771-01-17,88.0,,,95.0,58.0,
г-жа Шашкова Нинель Валентиновна,2020,Платка,6.3,313.4,Кибербезопасность,к. Пушкинские Горы,8 718 729 8573,83.0,91.0,,,,76.0
Ия Ниловна Ефимова,2021,Платка,5.6,276.9,Прикладная математика,клх Геленджик,89367957222,62.0,69.0,,90.0,,
Стоян Дорофеевич Орлов,2020,Бюджет,9.1,351.4,Психология,с. Пермь,8 (822) 532-89-16,88.0,,,84.0,88.0,
Кузнецов Аполлинарий Брониславович,2022,Целевое,7.6,310.6,Радиофизика,д. Шилка,8 (817) 814-5075,79.0,,,,83.0,73.0
Анжела Владимировна Рябова,2021,Бюджет,9.6,300.0,Радиофизика,к. Сызрань,8 (746) 288-8192,,60.0,,77.0,67.0,
Богданов Аркадий Елизарович,2019,Платка,7.1,219.5,Информатика,клх Шенкурск,+7 758 053 20 87,44.0,,,,44.0,60.0
Аполлинарий Августович Евсеев,2021,Бюджет,10.0,384.0,Прикладная математика,к. Александровск,8 (933) 558-8212,,,93.0,96.0,,95.0
Оксана Ефимовна Рожкова,2020,Платка,7.3,255.8,Психология,клх Кировск (Мурм.),+7 (621) 661-12-60,68.0,58.0,57.0,,,
Анисимов Пахом Ильясович,2021,Бюджет,10.0,335.0,Кибербезопасность,д. Ханты-Мансийск,+7 (286) 061-3612,,,,84.0,81.0,70.0
Милован Антипович Быков,2020,Платка,6.5,273.4,Прикладная информатика,клх Ногинск (Моск.),8 331 717 4839,,89.0,70.0,,49.0,
Тимофеев Владимир Иосифович,2022,Целевое,9.5,389.5,Международные отношения,д. Касимов,+7 637 668 6245,100.0,,,100.0,,95.0
Смирнова Клавдия Анатольевна,2019,Платка,6.7,241.2,Радиофизика,п. Горячий Ключ,8 119 341 2503,54.0,,,,62.0,58.0
Крюкова Вероника Матвеевна,2021,Бюджет,5.6,227.3,Кибербезопасность,с. Глазов,+7 516 835 71 96,,57.0,,59.0,,55.0
Василиса Михайловна Фомичева,2023,Платка,9.0,339.7,Радиофизика,с. Пермь,+74084696835,91.0,63.0,,96.0,,
Казаков Эмиль Измаилович,2019,Бюджет,7.4,242.3,Информатика,г. Лагань,8 296 610 65 42,44.0,,,,56.0,68.0
Валерий Иосифович Ковалев,2019,Платка,7.7,316.0,Философия,д. Усолье Сибирское,+7 801 639 8630,91.0,79.0,69.0,,,
Федосеева Татьяна Сергеевна,2020,Бюджет,9.0,232.8,Философия,д. Байкальск,8 999 260 20 19,,,43.0,41.0,59.0,
Аксенова Милица Ждановна,2021,Целевое,9.0,359.6,Прикладная информатика,п. Иркутск,+78673157951,96.0,,87.0,,87.0,
Смирнова Вероника Рубеновна,2020,Платка,7.1,325.3,Прикладная информатика,клх Байкальск,8 300 543 94 71,78.0,,100.0,,76.0,
Лонгин Георгиевич Смирнов,2020,Целевое,6.6,326.6,История,клх Устюжна,+7 (109) 407-4049,91.0,,,,98.0,72.0
Кошелев Амос Филатович,2023,Платка,4.9,207.2,Международные отношения,клх Новокузнецк,+7 (579) 906-63-75,49.0,63.0,46.0,,,
Носов Андроник Игнатович,2019,Платка,7.6,350.0,История,г. Якутск,+7 (453) 592-80-59,,75.0,,,99.0,100.0
г-н Самойлов Остап Феоктистович,2019,Платка,7.9,303.9,Международные отношения,к. Онега,8 (331) 561-7687,,71.0,,65.0,89.0,
Фаина Кузьминична Громова,2022,Бюджет,8.1,290.4,Прикладная информатика,к. Бодайбо,82252570191,,64.0,,87.0,58.0,
Данилов Эмиль Абрамович,2019,Целевое,8.1,281.7,Международные отношения,п. Бавлы,+7 731 775 20 24,66.0,,,,68.0,67.0
Филипп Арсенович Ершов,2023,Целевое,7.5,344.1,История,п. Верхний Уфалей,8 561 665 9189,95.0,,,91.0,,83.0
Трифон Александрович Ситников,2020,Платка,7.3,216.8,Прикладная математика,д. Клин,+79167079727,,,54.0,,41.0,49.0
Дьячков Игорь Викторович,2022,Бюджет,7.6,334.8,Прикладная математика,д. Хасавюрт,+7 718 053 8737,,82.0,89.0,88.0,,
Смирнова Раиса Альбертовна,2020,Целевое,8.2,192.2,Философия,г. Эльбрус,8 (422) 627-69-14,48.0,,30.0,,,32.0
Никита Витальевич Уваров,2021,Платка,7.7,376.8,История,г. Любань,80235419101,100.0,100.0,,,,100.0
Август Артёмович Бобров,2019,Целевое,7.7,265.0,Философия,д. Тула,86469862755,66.0,61.0,,61.0,,
Щербакова Раиса Дмитриевна,2019,Целевое,8.6,326.4,Психология,к. Таганрог,8 (800) 059-26-75,80.0,84.0,,,,76.0
Кира Олеговна Лыткина,2023,Бюджет,7.2,209.3,Философия,г. Агата,+7 (947) 348-50-69,,30.0,42.0,65.0,,
Татьяна Никифоровна Котова,2021,Целевое,6.8,241.1,История,с. Красноярск,8 (889) 973-9648,48.0,,64.0,,,61.0
Феврония Рудольфовна Соболева,2019,Платка,7.7,153.2,Кибербезопасность,п. Плес,8 (148) 259-1722,,16.0,,,25.0,35.0
Натан Борисович Мамонтов,2023,Бюджет,8.9,318.4,Прикладная математика,п. Хабаровск,8 (788) 501-1580,83.0,68.0,,,,78.0
Соболева Анжелика Богдановна,2021,Платка,6.4,274.4,Международные отношения,клх Хасавюрт,8 (030) 236-5995,72.0,67.0,71.0,,,
Лазарев Олимпий Иосипович,2020,Бюджет,9.3,294.7,Психология,д. Таштагол,8 079 870 4432,63.0,,86.0,53.0,,
Королева Зоя Вадимовна,2019,Целевое,9.7,311.9,Философия,п. Невьянск,+7 (638) 120-04-17,85.0,,,60.0,70.0,
Лазарева Раиса Рудольфовна,2023,Бюджет,8.4,356.9,Кибербезопасность,с. Нарьян-Мар,+7 (070) 066-24-38,,,90.0,,83.0,100.0
Эрнест Чеславович Фомичев,2020,Целевое,6.6,331.0,Прикладная математика,д. Вологда,+7 842 157 90 48,,,100.0,,89.0,76.0
Юдина Виктория Макаровна,2022,Платка,7.1,340.6,История,к. Апшеронск,8 (097) 375-3016,86.0,,100.0,,,84.0
Субботина Ольга Оскаровна,2021,Целевое,6.7,295.1,Психология,с. Верхоянск,89534319875,,,67.0,,98.0,63.0
Силин Якуб Бориславович,2022,Бюджет,8.7,303.0,Международные отношения,с. Ижевск,89162496400,,65.0,,,84.0,67.0
Артемий Юльевич Власов,2021,Платка,7.2,256.0,Кибербезопасность,д. Нефтегорск (Самар.),+7 (159) 187-6080,77.0,,,,48.0,59.0
Капитон Фомич Блинов,2020,Целевое,6.7,360.3,Международные отношения,с. Череповец,8 (742) 802-2866,,96.0,97.0,100.0,,
Ильин Игнатий Феодосьевич,2021,Целевое,8.1,369.1,Психология,к. Лысьва,8 686 878 52 45,100.0,,,88.0,100.0,
Вера Геннадьевна Носова,2019,Бюджет,6.2,308.5,Радиофизика,ст. Луга,+7 715 669 7967,,88.0,84.0,,,74.0
Горбачева Анастасия Артемовна,2019,Бюджет,7.2,209.7,Радиофизика,с. Ноглики,+73220133582,,29.0,,48.0,,61.0
Ия Захаровна Мишина,2019,Платка,7.3,321.0,Радиофизика,клх Тимашевск,+7 (855) 661-7863,,83.0,83.0,,82.0,
Комиссаров Георгий Бориславович,2019,Платка,8.4,341.8,Прикладная информатика,ст. Шерегеш,8 708 520 7722,,79.0,79.0,100.0,,
Осипова Эмилия Кузьминична,2021,Бюджет,8.0,329.8,Международные отношения,г. Каспийск,8 863 535 1231,,70.0,95.0,85.0,,
Полина Ниловна Журавлева,2020,Целевое,7.5,285.3,Прикладная информатика,ст. Саранск,+7 (298) 342-83-13,68.0,,,86.0,,56.0
Колобов Артемий Федосеевич,2019,Платка,8.2,357.8,Прикладная информатика,клх Тулпан,84436149056,77.0,,99.0,,,100.0
Пестова Ираида Юрьевна,2021,Бюджет,8.3,264.1,Лечебное дело,клх Мурманск,+7 (896) 841-4615,,70.0,,51.0,60.0,
Рябов Аверкий Аксёнович,2022,Целевое,6.8,277.0,Прикладная информатика,с. Верхнее Пенжино,+7 (532) 910-0377,,,,77.0,61.0,71.0
Елена Вячеславовна Дорофеева,2022,Целевое,8.0,360.3,Кибербезопасность,с. Бронницы,+7 888 112 73 26,,,80.0,100.0,100.0,
Анжелика Робертовна Красильникова,2021,Платка,6.6,340.6,Лечебное дело,д. Всеволожск,8 (494) 012-61-05,,100.0,,85.0,90.0,
Майя Александровна Баранова,2023,Платка,7.0,341.8,Прикладная информатика,клх Апатиты,8 (357) 258-00-47,,78.0,94.0,100.0,,
Смирнов Ратмир Арсеньевич,2023,Целевое,7.8,356.7,Радиофизика,ст. Туруханск,8 (678) 596-58-04,100.0,,,94.0,85.0,
Ярополк Антипович Комаров,2022,Бюджет,9.0,319.2,Психология,клх Калач,+7 968 787 12 97,83.0,74.0,,,,72.0
Петухова София Сергеевна,2019,Платка,9.4,319.5,Прикладная информатика,клх Юрьевец (Иван.),+7 951 465 22 26,,56.0,71.0,99.0,,
Горшков Изяслав Юлианович,2023,Целевое,8.2,382.1,Философия,д. Пинега,+7 (539) 526-0804,,100.0,100.0,100.0,,
Тихонова Акулина Болеславовна,2023,Платка,7.3,337.0,Международные отношения,клх Плес,+70546753502,94.0,,81.0,,,89.0
Волкова Вероника Георгиевна,2020,Бюджет,9.3,312.7,Психология,с. Воркута,8 (452) 723-36-37,74.0,,,72.0,,74.0
Панова Ксения Харитоновна,2020,Бюджет,7.4,209.0,Психология,п. Усть-Илимск,+7 (873) 168-19-47,,36.0,52.0,47.0,,
Антип Жанович Марков,2023,Платка,9.7,335.2,Прикладная математика,п. Глазов,8 (371) 516-76-34,,65.0,,,91.0,82.0
Жанна Львовна Петрова,2020,Платка,7.1,342.5,Психология,д. Александров,8 826 143 6594,88.0,96.0,,88.0,,
Зуев Рюрик Елисеевич,2019,Платка,6.2,342.6,Радиофизика,п. Тамбов,8 (884) 241-49-73,100.0,,,,81.0,100.0
Лапина Зоя Артемовна,2021,Бюджет,6.9,280.4,Информатика,к. Тотьма,+7 (191) 881-58-64,79.0,74.0,,,,58.0
Аскольд Валерьевич Кулаков,2021,Бюджет,4.1,187.5,Радиофизика,ст. Рославль,8 (564) 201-6174,55.0,,,48.0,,44.0
Денисов Август Ильич,2023,Бюджет,6.8,329.8,Прикладная информатика,клх Елатьма,+7 (593) 472-95-94,73.0,94.0,,,95.0,
Емельянова Агафья Богдановна,2019,Платка,9.0,342.7,Международные отношения,г. Сызрань,8 955 961 4418,77.0,80.0,,,96.0,
Агафья Борисовна Баранова,2023,Целевое,7.2,289.3,Философия,клх Домбай,+7 (297) 678-2003,76.0,,67.0,,,74.0
Кир Аверьянович Соколов,2022,Бюджет,7.2,338.7,Психология,г. Горячинск,+7 709 114 62 19,98.0,73.0,,,,96.0
Эмилия Аркадьевна Логинова,2019,Бюджет,8.4,268.8,Информатика,д. Луховицы,+7 (965) 865-3942,62.0,78.0,,,,45.0
Русакова Юлия Антоновна,2020,Бюджет,6.9,268.7,Прикладная математика,д. Краснодар,+7 (185) 017-89-41,,,76.0,,72.0,52.0
Колесникова Фаина Михайловна,2020,Бюджет,8.1,322.6,Радиофизика,д. Братск,8 (696) 219-07-44,,86.0,86.0,,70.0,
Николай Данилович Бобров,2023,Бюджет,6.5,295.3,Философия,с. Сызрань,+75245731654,,,89.0,,71.0,70.0
Владимирова Дарья Егоровна,2021,Платка,8.0,331.1,Информатика,к. Тамбей,+7 339 794 43 00,,,85.0,100.0,66.0,
Ольга Вячеславовна Осипова,2021,Платка,7.6,326.0,Прикладная информатика,г. Верхоянск,83429629883,80.0,86.0,84.0,,,
Елена Андреевна Тетерина,2019,Целевое,4.7,198.6,Информатика,клх Мирный,8 (015) 056-1042,,,32.0,,62.0,58.0
Беспалова Лидия Михайловна,2019,Платка,6.6,257.3,История,ст. Можга,+7 503 996 1491,,61.0,55.0,,,75.0
Носова Регина Ефимовна,2021,Целевое,6.9,301.2,Кибербезопасность,д. Асино,+7 306 353 9585,,,72.0,75.0,,85.0
Полина Богдановна Сергеева,2019,Платка,7.2,257.0,Философия,д. Яр-Сале,80030446268,,,56.0,58.0,,71.0
Станимир Брониславович Дорофеев,2021,Целевое,7.3,281.8,Психология,с. Воскресенск,+7 (368) 244-8966,,68.0,,53.0,88.0,
Горбачев Сильвестр Адрианович,2020,Целевое,8.9,388.8,Информатика,г. Тарко-Сале,+7 091 303 4535,100.0,100.0,100.0,,,
Мирослав Аксёнович Устинов,2020,Бюджет,9.7,327.5,Международные отношения,г. Подольск,8 040 932 9022,92.0,,59.0,,79.0,
Ульяна Яковлевна Аксенова,2019,Платка,8.5,364.2,Международные отношения,д. Усинск,+7 (513) 692-4741,100.0,86.0,,,93.0,
Милан Владленович Носов,2023,Бюджет,7.1,335.0,Психология,с. Туруханск,8 048 623 82 87,100.0,,,78.0,86.0,
Доронина Иванна Константиновна,2022,Целевое,6.2,286.2,Радиофизика,п. Шелагонцы,8 045 364 20 26,60.0,,,,90.0,74.0
Харитон Афанасьевич Королев,2023,Бюджет,6.2,313.3,Международные отношения,клх Урюпинск,+7 (448) 580-07-06,,77.0,92.0,82.0,,
Дарья Семеновна Киселева,2022,Целевое,10.0,372.0,Информатика,п. Славянск-на-Кубани,+7 322 769 32 67,,92.0,100.0,,80.0,
Сафонов Феликс Харлампьевич,2023,Бюджет,7.9,359.1,Прикладная информатика,п. Торжок,+79644896702,,,97.0,95.0,,88.0
г-н Мельников Ладислав Гертрудович,2023,Бюджет,8.9,322.7,Философия,ст. Курумкан,8 (062) 358-48-30,,75.0,86.0,,73.0,
Котов Ермил Ефимович,2020,Платка,9.1,345.6,Психология,д. Кизел,+7 313 678 1429,,70.0,,85.0,100.0,
Гущин Ферапонт Александрович,2020,Целевое,8.2,298.6,Психология,клх Ачхой Мартан,8 479 460 1748,,66.0,80.0,,71.0,
Ширяев Добромысл Анисимович,2023,Целевое,9.4,314.4,История,г. Усть-Кулом,8 506 010 6143,,,65.0,70.0,85.0,
Октябрина Артемовна Панова,2023,Бюджет,7.0,337.8,История,г. Нижний Тагил,+7 888 511 31 55,,83.0,85.0,,100.0,
Красильникова Антонина Максимовна,2019,Бюджет,6.1,296.9,Лечебное дело,с. Люберцы,8 (003) 769-06-51,67.0,94.0,,75.0,,
Александров Степан Феоктистович,2023,Платка,7.2,360.9,Информатика,с. Долинск,8 (020) 323-1457,,,,100.0,91.0,98.0
Зайцев Бажен Андреевич,2021,Целевое,7.7,329.5,Радиофизика,ст. Рыбинск,8 590 850 8742,,78.0,84.0,,,91.0
Жанна Даниловна Суворова,2021,Платка,7.7,370.2,Международные отношения,п. Кисловодск,+7 (807) 714-5863,100.0,,100.0,93.0,,
Климент Эдгарович Громов,2022,Платка,8.0,344.9,История,клх Каменск-Шахтинский,+7 (444) 241-41-58,,92.0,87.0,,,86.0
Гаврилова Оксана Валентиновна,2020,Платка,6.3,292.3,Радиофизика,п. Махачкала,+7 (931) 880-7932,75.0,87.0,,,67.0,
Нонна Вячеславовна Лаврентьева,2020,Платка,6.9,336.6,Философия,к. Моршанск,8 (210) 864-1148,74.0,,,97.0,97.0,
Кудрявцева Жанна Геннадиевна,2020,Платка,7.0,318.8,Лечебное дело,ст. Ростов-на-Дону,+75772199225,,87.0,,73.0,,89.0
Иванна Максимовна Лазарева,2020,Бюджет,6.4,312.8,История,г. Усть-Джегута,89834717232,,87.0,,77.0,,85.0
Максимова Акулина Мироновна,2022,Бюджет,9.7,378.1,Лечебное дело,г. Александров,+7 (219) 985-0231,,100.0,86.0,,95.0,
Селиван Ермилович Васильев,2020,Платка,8.5,300.6,Психология,клх Соловки,82448498423,73.0,,,,75.0,68.0
Анна Николаевна Маслова,2022,Бюджет,9.6,250.5,Лечебное дело,с. Саянск,8 527 918 00 36,,,,41.0,61.0,53.0
Дьячкова Валентина Олеговна,2020,Целевое,6.4,294.9,Психология,п. Петропавловск-Камчатский,+7 019 364 84 40,,68.0,,71.0,92.0,
Молчанова Мария Вячеславовна,2022,Целевое,8.7,341.0,Информатика,г. Игарка,+7 933 541 43 53,89.0,81.0,,,,84.0
Лидия Львовна Сафонова,2019,Бюджет,8.1,150.1,Философия,ст. Льгов,+73723962336,,11.0,22.0,,,36.0
Матвеев Капитон Якубович,2022,Платка,9.1,385.8,История,п. Глазов,8 768 662 4374,100.0,,,95.0,,100.0
Анна Яковлевна Жукова,2023,Бюджет,7.2,358.0,Прикладная информатика,д. Истра,8 897 986 1915,86.0,100.0,,,100.0,
Устинов Онуфрий Захарьевич,2022,Целевое,8.2,306.6,История,г. Дагомыс,+7 335 198 7229,,64.0,,,76.0,85.0
Роман Трофимович Лобанов,2023,Бюджет,6.6,313.1,Философия,п. Щельяюр,8 466 817 40 20,,,95.0,72.0,,80.0
Меркушева Виктория Макаровна,2021,Целевое,6.7,231.7,История,к. Томск,8 196 275 44 93,,48.0,53.0,,64.0,
Евдокимова Элеонора Богдановна,2023,Платка,7.6,249.0,Прикладная математика,клх Радужный,+7 227 438 18 03,64.0,,,53.0,56.0,
Марина Кузьминична Бирюкова,2020,Целевое,9.1,233.1,Кибербезопасность,г. Якутск,+7 817 366 7397,,47.0,,,53.0,42.0
Александрова Нина Павловна,2023,Целевое,7.8,240.6,Кибербезопасность,клх Мезень,+7 101 623 0101,,48.0,59.0,,56.0,
Титова Нонна Рубеновна,2022,Целевое,7.5,267.3,Информатика,клх Когалым,+7 (548) 184-11-34,61.0,56.0,,,75.0,
Ян Зиновьевич Ширяев,2023,Целевое,5.3,344.4,Международные отношения,клх Краснокамск,8 (976) 107-8265,,91.0,,,100.0,100.0
Борисова Тамара Наумовна,2019,Платка,8.6,214.7,История,ст. Данков,+7 475 389 7924,,48.0,,51.0,,30.0
Наумова Ксения Никифоровна,2021,Целевое,7.2,304.8,Психология,клх Сосногорск,+7 039 642 55 45,76.0,,,82.0,,75.0
Мясникова Ирина Романовна,2023,Целевое,6.3,245.2,Кибербезопасность,к. Сузун,+7 (694) 299-8990,,,51.0,69.0,,62.0
Дарья Кузьминична Лыткина,2023,Целевое,7.7,295.0,Кибербезопасность,к. Шамары,+7 (098) 303-1204,76.0,,,,73.0,69.0
Алексей Яковлевич Кошелев,2020,Бюджет,7.5,327.2,Прикладная математика,клх Новая Игирма,85251272311,,,85.0,100.0,67.0,
Мишин Пимен Адамович,2022,Платка,6.8,352.7,Лечебное дело,с. Можайск,+72271284838,89.0,,96.0,,,100.0
Юлий Вячеславович Силин,2022,Целевое,7.3,316.5,Кибербезопасность,г. Гусь-Хрустальный,8 (376) 399-77-15,,,,93.0,69.0,82.0
Федотов Кузьма Трифонович,2023,Бюджет,7.7,280.9,Информатика,клх Юрьевец (Иван.),87559843385,,70.0,,,57.0,77.0
Фомин Станимир Демьянович,2022,Платка,8.0,282.1,Информатика,к. Ардон,81987561766,,70.0,81.0,,,51.0
Самойлова Любовь Ефимовна,2021,Целевое,8.7,321.0,Лечебное дело,клх Любань,+7 076 448 42 65,82.0,67.0,,,,85.0
Фортунат Харламович Щукин,2020,Платка,7.8,286.1,Психология,г. Ялуторовск,8 135 170 8603,,59.0,64.0,,85.0,
Архипова Майя Руслановна,2021,Целевое,9.1,303.7,Международные отношения,клх Учалы,+7 (898) 827-20-33,,54.0,80.0,,,79.0
тов. Максимова Марина Викторовна,2021,Целевое,7.0,227.1,Прикладная информатика,г. Слюдянка,84493087533,59.0,60.0,,,38.0,
Давыд Федосьевич Щукин,2023,Целевое,9.1,294.7,Философия,клх Югорск,+7 (704) 803-89-78,77.0,,,,69.0,58.0
Синклитикия Альбертовна Уварова,2020,Платка,6.5,326.3,Философия,п. Усть-Калманка,+7 856 385 0911,84.0,90.0,,87.0,,
Ираида Эдуардовна Голубева,2022,Целевое,7.5,348.7,Лечебное дело,ст. Андреаполь,8 (707) 114-6148,,100.0,84.0,,,90.0
Романов Леонтий Гавриилович,2023,Платка,7.5,319.8,Прикладная информатика,с. Владивосток,+74694814348,,86.0,85.0,,74.0,
Антип Всеволодович Громов,2023,Целевое,7.4,333.9,Прикладная математика,клх Бирск,+7 848 711 29 43,85.0,,89.0,,86.0,
Сысоева Валентина Степановна,2023,Бюджет,7.1,326.5,Прикладная информатика,к. Ангарск,88097206830,69.0,,96.0,90.0,,
Шилова Олимпиада Рубеновна,2022,Платка,7.4,354.7,Кибербезопасность,п. Оленегорск (Якут.),8 013 988 1529,83.0,,,100.0,,98.0
Павлова Октябрина Геннадьевна,2019,Целевое,7.7,278.7,Международные отношения,к. Боровск,8 (205) 216-43-83,,,61.0,,76.0,65.0
Анисимова Эмилия Кузьминична,2020,Платка,5.3,353.4,Прикладная информатика,г. Астрахань,+7 532 404 3126,100.0,100.0,,100.0,,
Васильев Симон Валерианович,2023,Бюджет,6.9,286.3,Радиофизика,п. Великий Устюг,+70330179912,,,83.0,73.0,61.0,
Олимпиада Ильинична Ефимова,2020,Бюджет,10.0,231.9,Психология,с. Ростов,+7 433 356 94 97,39.0,,44.0,,,49.0
Цветков Савватий Феоктистович,2019,Бюджет,9.9,258.5,Философия,с. Чебаркуль,+7 (643) 480-8204,,30.0,,67.0,63.0,
Вера Викторовна Емельянова,2021,Платка,10.0,264.0,Кибербезопасность,клх Находка,+7 039 848 1756,60.0,,,,50.0,54.0
Крылова Иванна Алексеевна,2023,Платка,7.6,259.2,Философия,г. Данков,8 274 482 66 09,,57.0,60.0,66.0,,
Новикова Светлана Валериевна,2020,Целевое,8.2,314.5,Прикладная математика,г. Белоярский,+7 (073) 180-91-27,,79.0,81.0,,,72.0
Пимен Ефстафьевич Лазарев,2021,Платка,7.4,318.4,История,клх Урюпинск,8 753 160 4164,89.0,,68.0,,87.0,
Фролов Арефий Германович,2022,Платка,6.8,221.9,Радиофизика,с. Челябинск,8 (246) 909-4136,,40.0,,52.0,62.0,
Селиван Ярославович Вишняков,2019,Бюджет,7.8,346.7,Лечебное дело,г. Ардон,+79788594552,,100.0,69.0,,,100.0
Рожкова Людмила Геннадиевна,2019,Платка,8.2,310.7,Психология,с. Новочеркасск,+7 (777) 984-0363,83.0,,74.0,,,72.0
Аполлинарий Артёмович Пахомов,2021,Платка,8.9,325.6,Психология,д. Наро-Фоминск,+7 (571) 648-0015,81.0,,,73.0,83.0,
Федорова Марина Юльевна,2021,Целевое,7.5,312.8,Международные отношения,д. Черкесск,8 (412) 608-84-15,,,53.0,89.0,96.0,
Людмила Валериевна Носкова,2021,Бюджет,8.0,295.9,Прикладная информатика,г. Избербаш,+7 970 770 44 16,,60.0,,,77.0,79.0
Афанасий Богданович Петухов,2021,Платка,8.6,260.4,Кибербезопасность,клх Новый Оскол,8 (431) 252-2526,68.0,,61.0,,45.0,
Афанасий Валентинович Большаков,2022,Бюджет,8.0,335.2,Радиофизика,к. Комсомольск-на-Амуре,+7 (214) 734-7819,,77.0,,,88.0,90.0
Александра Богдановна Лазарева,2023,Платка,7.9,379.2,История,ст. Верещагино (Перм.),+7 (627) 447-65-09,100.0,,100.0,,100.0,
Евдокимова Лукия Васильевна,2019,Целевое,6.6,312.1,Прикладная информатика,ст. Павловская,+7 026 778 8755,,84.0,,,77.0,85.0
Лучезар Гавриилович Пономарев,2023,Бюджет,5.2,256.3,История,с. Выборг,+7 (462) 557-04-38,,,64.0,66.0,74.0,
Елизавета Анатольевна Зиновьева,2023,Бюджет,8.6,335.3,Прикладная информатика,п. Нурлат,+7 527 741 54 61,,73.0,89.0,,,87.0
Михей Измаилович Егоров,2020,Целевое,8.5,215.0,Информатика,к. Владимир,+7 962 096 4215,,,,50.0,40.0,40.0
Василиса Наумовна Большакова,2022,Бюджет,6.0,272.1,Международные отношения,ст. Саров (Морд.),+7 (188) 308-66-59,89.0,,53.0,,,70.0
Фёкла Геннадьевна Гусева,2023,Бюджет,4.0,278.0,Прикладная математика,клх Мокшан,8 680 763 70 60,,65.0,,,81.0,92.0
Порфирий Антипович Кузьмин,2022,Платка,6.9,348.1,Прикладная математика,с. Братск,+7 (730) 506-2037,80.0,,99.0,100.0,,
Елена Петровна Дементьева,2022,Платка,8.8,358.7,Прикладная информатика,ст. Бомнак,+7 539 471 92 61,78.0,,,100.0,93.0,
Селиверстов Гремислав Эдгарович,2022,Бюджет,5.4,353.8,Кибербезопасность,п. Октябрьское (Хант.),+7 535 253 29 57,,100.0,100.0,,,100.0
Котова Алина Алексеевна,2022,Платка,6.5,253.1,Радиофизика,ст. Амурск,8 (142) 108-83-82,60.0,,,,67.0,61.0
Нонна Натановна Белова,2019,Целевое,7.7,349.9,Философия,д. Петропавловск-Камчатский,87383187399,94.0,,83.0,,96.0,
Ольга Афанасьевна Горбачева,2019,Бюджет,5.9,297.8,Лечебное дело,с. Невьянск,+7 (741) 577-1691,,,79.0,,73.0,87.0
Ефимов Эммануил Ермилович,2019,Бюджет,7.7,255.3,Информатика,п. Орехово-Зуево,+7 (063) 366-30-94,,52.0,,,60.0,66.0
Григорьева Ирина Николаевна,2022,Бюджет,7.8,352.2,Кибербезопасность,с. Стрежевой,8 (995) 179-47-67,,87.0,95.0,,,92.0
Фаина Болеславовна Сысоева,2021,Бюджет,8.6,278.1,Радиофизика,д. Омск,+7 (664) 023-89-26,40.0,,,73.0,79.0,
Осипова Любовь Кузьминична,2023,Бюджет,6.8,360.6,Прикладная информатика,к. Омск,+7 954 377 97 37,93.0,,100.0,100.0,,
Никандр Юльевич Васильев,2023,Бюджет,7.0,316.6,Лечебное дело,д. Томпа,+7 (662) 813-8410,,,,71.0,85.0,91.0
Горбачев Юрий Ильясович,2019,Платка,6.8,254.4,Прикладная математика,п. Мончегорск,8 (180) 070-2139,,,63.0,,47.0,76.0
Элеонора Владиславовна Зиновьева,2020,Целевое,9.2,251.4,История,п. Оленек,+7 573 716 0168,59.0,48.0,52.0,,,
Всемил Димитриевич Лукин,2023,Целевое,8.7,340.5,Кибербезопасность,к. Бодайбо,8 (771) 568-2464,71.0,85.0,97.0,,,
Адриан Гурьевич Сазонов,2023,Бюджет,8.5,294.8,Прикладная математика,с. Каргасок,+7 581 707 92 30,,66.0,,,61.0,83.0
Ильина Евпраксия Рубеновна,2023,Целевое,6.1,310.7,Информатика,п. Токма,8 (142) 811-97-00,74.0,,82.0,,,94.0
Константин Тихонович Суханов,2022,Бюджет,8.2,370.2,Радиофизика,к. Шали,87328212398,97.0,91.0,,,,100.0
Борис Антипович Казаков,2022,Бюджет,8.4,282.9,Информатика,к. Кизляр,+7 (499) 334-20-49,,66.0,65.0,,,68.0
Давыд Анисимович Борисов,2022,Бюджет,7.3,248.7,Международные отношения,с. Горно-Алтайск,+7 (381) 519-92-87,52.0,58.0,66.0,,,
Измаил Фокич Горбунов,2019,Целевое,7.5,375.3,Радиофизика,с. Талдом,8 446 136 9014,100.0,,100.0,,,100.0
Никонова Дарья Евгеньевна,2020,Платка,8.4,329.6,Международные отношения,с. Троицко-Печорск,8 (790) 548-07-32,,91.0,68.0,87.0,,
Копылов Ярослав Адамович,2021,Бюджет,7.1,333.8,Психология,ст. Ирбит,+7 (963) 596-6484,,,87.0,86.0,90.0,
Творимир Аксёнович Лукин,2022,Целевое,5.7,274.4,Прикладная информатика,с. Тюмень,+7 (945) 773-21-00,82.0,,,67.0,68.0,
Милий Бенедиктович Козлов,2020,Целевое,7.2,320.3,Международные отношения,к. Новочеркасск,8 (606) 265-7324,84.0,,76.0,,88.0,
Воронцов Иларион Захарьевич,2020,Платка,5.5,327.3,Лечебное дело,г. Советский,8 (350) 898-7174,,93.0,93.0,86.0,,
Доронина Анжела Матвеевна,2019,Целевое,6.0,293.9,Радиофизика,п. Оха,+7 508 469 4701,,,82.0,,69.0,83.0
Лука Даниилович Степанов,2020,Целевое,8.2,284.7,Международные отношения,г. Хоста,8 628 163 32 79,69.0,59.0,,,,75.0
Иванна Эльдаровна Смирнова,2023,Целевое,9.4,313.0,Философия,ст. Сергиев Посад,+7 322 212 00 46,74.0,63.0,,,82.0,
Шестаков Любомир Захарьевич,2023,Платка,8.1,252.6,Философия,к. Элиста,8 (940) 783-20-98,68.0,,,50.0,,54.0
Любовь Наумовна Павлова,2020,Платка,6.5,322.0,История,д. Старый Оскол,+7 889 635 6224,,86.0,,88.0,,83.0
Оксана Тимуровна Князева,2020,Целевое,7.5,370.1,Информатика,клх Саратов,8 (108) 959-19-86,,100.0,95.0,100.0,,
Евгения Тимофеевна Соколова,2023,Целевое,4.8,280.5,Кибербезопасность,г. Щельяюр,+76811396471,71.0,88.0,,,,73.0
Баранов Евлампий Борисович,2020,Платка,8.2,354.1,Международные отношения,г. Якутск,80830591292,100.0,,80.0,,,92.0
Ия Аскольдовна Зимина,2023,Целевое,7.7,271.3,Международные отношения,г. Хужир,+7 (055) 626-4506,68.0,74.0,,,52.0,
Фокина Людмила Ефимовна,2022,Платка,8.1,283.9,Кибербезопасность,ст. Морозовск,+7 812 076 48 11,59.0,66.0,78.0,,,
Громова Татьяна Вениаминовна,2023,Платка,6.4,363.5,Информатика,г. Белокуриха,+7 (275) 165-64-25,,,100.0,100.0,100.0,
Евсеева Феврония Робертовна,2019,Бюджет,7.5,329.0,Радиофизика,г. Плесецк,8 334 861 7465,91.0,,,90.0,73.0,
Ситникова Эмилия Феликсовна,2020,Целевое,6.9,258.4,Прикладная математика,клх Александровск,+7 271 492 6813,48.0,,67.0,74.0,,
Самсонов Петр Ермолаевич,2020,Целевое,7.2,314.0,История,с. Усть-Катав,8 368 442 3490,,75.0,,96.0,,71.0
Козлов Кузьма Иосипович,2023,Платка,6.7,295.2,Прикладная математика,с. Балашиха,87117756520,66.0,,,82.0,,80.0
Олимпиада Ждановна Королева,2023,Целевое,8.7,366.1,Информатика,г. Элиста,8 (653) 251-1918,,,,100.0,79.0,100.0
Фокина Пелагея Антоновна,2021,Целевое,6.0,259.5,Кибербезопасность,клх Лысьва,+7 352 575 5681,,71.0,,56.0,,72.0
Леонтий Григорьевич Зыков,2019,Бюджет,8.3,311.2,Лечебное дело,г. Обнинск,8 960 240 39 47,76.0,,71.0,,81.0,
Мария Болеславовна Никифорова,2023,Целевое,9.4,341.4,Радиофизика,г. Междуреченский,8 (674) 516-4849,99.0,85.0,,,63.0,
Юлиан Геннадиевич Орлов,2019,Платка,8.6,287.1,Лечебное дело,г. Тосно,83433000276,58.0,,69.0,,,74.0
Калашникова Синклитикия Матвеевна,2021,Целевое,6.0,285.0,Радиофизика,клх Сеймчан,+7 949 338 10 27,57.0,,,97.0,71.0,
Глафира Ильинична Бобылева,2022,Платка,7.7,311.4,Прикладная математика,клх Рыбинск,+7 (019) 109-2527,,,,67.0,90.0,77.0
Юдина Алла Львовна,2020,Бюджет,8.3,332.2,История,п. Зарайск,+7 974 396 33 97,100.0,67.0,,,,82.0
Муравьев Устин Адрианович,2019,Целевое,7.4,332.0,История,к. Юровск,8 (696) 636-2319,,,91.0,70.0,97.0,
Галина Федоровна Дроздова,2022,Платка,6.2,305.0,Информатика,г. Верхний Уфалей,8 (648) 658-06-02,74.0,81.0,,88.0,,
Быков Остромир Исидорович,2023,Целевое,8.1,286.6,Прикладная математика,клх Нязепетровск,8 (283) 949-75-65,,68.0,58.0,80.0,,
г-н Соболев Христофор Зиновьевич,2020,Целевое,6.9,202.4,Психология,с. Минусинск,+7 (150) 318-3278,,,39.0,36.0,,58.0
Прокл Геннадиевич Одинцов,2020,Целевое,9.2,334.1,Информатика,п. Крымск,+7 (285) 966-1861,,,94.0,,76.0,72.0
Егорова Марина Ефимовна,2021,Платка,6.5,365.0,Информатика,с. Шелехов,+7 897 781 5899,100.0,,100.0,100.0,,
Олимпиада Степановна Петухова,2021,Бюджет,5.7,346.0,Прикладная информатика,п. Верхнее Пенжино,82534999884,,,96.0,98.0,,95.0
Евпраксия Львовна Мишина,2021,Целевое,9.9,372.9,Философия,д. Бологое,+7 (122) 250-16-71,93.0,,,,89.0,92.0
Моисеев Платон Борисович,2019,Целевое,8.6,385.7,Лечебное дело,г. Муравленко,8 066 910 35 26,,100.0,,,100.0,100.0
Бажен Ефремович Сергеев,2021,Целевое,8.3,325.0,История,ст. Новороссийка,+75935858415,81.0,,74.0,,,87.0
Алексеев Всемил Артурович,2022,Бюджет,6.2,311.8,Прикладная информатика,г. Каменск-Шахтинский,8 (806) 420-5488,,76.0,84.0,,90.0,
Алина Ивановна Гусева,2019,Платка,7.5,347.9,Радиофизика,д. Омск,8 (670) 680-4592,93.0,,99.0,,,81.0
Мир Аверьянович Гусев,2021,Платка,8.5,346.2,Психология,к. Кунгур,+74320824430,88.0,,,73.0,100.0,
Алина Станиславовна Архипова,2022,Платка,8.6,299.7,Прикладная информатика,п. Астрахань,8 382 778 12 42,,70.0,76.0,68.0,,
Василиса Тарасовна Власова,2020,Платка,6.7,313.1,Прикладная информатика,к. Белогорск (Амур.),8 (718) 141-8806,80.0,,,,81.0,85.0
Марина Константиновна Исакова,2019,Бюджет,4.9,308.2,История,с. Усинск,+7 454 035 09 58,,84.0,,75.0,100.0,
Вацлав Иосифович Калинин,2023,Платка,7.0,354.3,Радиофизика,ст. Беслан,+7 (542) 616-9837,,100.0,,95.0,,89.0
Горбачева Лариса Евгеньевна,2022,Бюджет,9.0,367.5,История,п. Бодайбо,8 (543) 516-50-05,100.0,,78.0,,100.0,
Василиса Рубеновна Петухова,2023,Бюджет,8.0,312.9,Кибербезопасность,г. Котельнич,81122525472,78.0,,72.0,,,83.0
Анжелика Валентиновна Гришина,2021,Платка,6.7,232.4,Прикладная информатика,п. Туапсе,+77822151494,,45.0,77.0,,,43.0
Лихачев Тимофей Георгиевич,2020,Платка,9.0,348.8,Международные отношения,п. Обоянь,+7 (918) 821-8810,93.0,89.0,,,,77.0
Станислав Германович Мухин,2019,Платка,8.8,291.4,История,к. Талдом,+7 (864) 943-6279,,62.0,69.0,,,72.0
Ксения Федоровна Панфилова,2023,Бюджет,7.8,355.1,Психология,к. Всеволожск,8 648 535 16 83,,,95.0,86.0,,96.0
Галина Кирилловна Самсонова,2019,Платка,7.5,243.4,Философия,с. Кизилюрт,8 149 403 2642,,45.0,,,68.0,55.0
Шилова Светлана Семеновна,2022,Платка,8.7,287.4,Психология,г. Комсомольск-на-Амуре,+7 (357) 497-8226,,,73.0,,65.0,62.0
Аксенов Амвросий Власович,2021,Целевое,7.4,189.0,Философия,ст. Мончегорск,+75050606790,45.0,,31.0,,,39.0
тов. Капустина Раиса Алексеевна,2020,Платка,7.6,218.8,История,п. Наро-Фоминск,8 858 369 5205,50.0,41.0,,,,52.0
Дарья Ильинична Гуляева,2020,Платка,9.5,278.1,Философия,ст. Нязепетровск,+74248757513,66.0,55.0,,,,62.0
Ким Герасимович Прохоров,2019,Целевое,6.1,342.2,Информатика,д. Черский,+7 746 193 4541,98.0,,85.0,,98.0,
Маргарита Егоровна Носкова,2019,Целевое,8.7,336.2,Психология,клх Бузулук,8 095 217 31 12,81.0,,71.0,,,97.0
Орлова Фаина Леонидовна,2019,Платка,5.9,300.1,Психология,г. Канск,8 221 323 9687,87.0,,77.0,,,77.0
г-н Шарапов Христофор Валерьянович,2020,Платка,5.7,342.6,Радиофизика,с. Пермь,+7 097 020 9477,99.0,,100.0,,,87.0
Эмилия Захаровна Константинова,2019,Платка,7.1,319.0,Информатика,к. Тихвин,87437545160,88.0,,,,83.0,77.0
Горбунов Евсей Федосеевич,2023,Целевое,7.8,333.7,Философия,клх Шерегеш,8 (125) 813-8686,,,,84.0,96.0,76.0
Пелагея Ефимовна Пономарева,2023,Целевое,5.6,274.7,Лечебное дело,с. Надым,+7 (420) 851-99-66,71.0,,,80.0,68.0,
Афанасий Архипович Рябов,2021,Бюджет,6.9,369.0,История,с. Елабуга,+7 260 024 90 75,100.0,,,100.0,100.0,
Селезнев Ерофей Феофанович,2022,Платка,6.7,309.7,Прикладная информатика,клх Сузун,+7 (564) 365-87-08,,,,89.0,72.0,82.0
Агап Евсеевич Беляев,2021,Бюджет,8.3,268.2,Международные отношения,с. Магнитогорск,8 425 595 90 15,69.0,,53.0,,63.0,
Никон Артемьевич Панов,2021,Платка,8.1,370.7,Философия,с. Павловский Посад,+70191240335,,,100.0,,100.0,90.0
Игнатов Марк Авдеевич,2019,Платка,8.5,308.4,Прикладная информатика,ст. Ельня,8 389 582 00 60,,75.0,,90.0,,58.0
Фирс Трофимович Максимов,2019,Целевое,7.2,330.5,Философия,к. Калачинск,86962409342,,83.0,75.0,,100.0,
Прасковья Максимовна Чернова,2022,Бюджет,7.9,340.6,Международные отношения,п. Ребриха,8 (557) 889-5294,,78.0,,,100.0,84.0
Наталья Тимуровна Гришина,2019,Платка,8.3,323.3,Прикладная информатика,к. Слюдянка,8 (343) 193-2079,78.0,67.0,,,,95.0
Симон Харлампьевич Романов,2021,Бюджет,6.8,309.4,Философия,к. Ишим,+7 (340) 248-7299,90.0,,,84.0,67.0,
Ираида Тимуровна Щукина,2019,Целевое,5.2,304.0,Информатика,к. Кедровый,+7 835 912 95 63,82.0,,87.0,,83.0,
Чернова Глафира Вениаминовна,2020,Платка,6.0,287.9,Лечебное дело,к. Бугуруслан,8 (102) 671-29-41,86.0,,,,64.0,78.0
Виноградова Нинель Валентиновна,2022,Целевое,7.9,360.1,Радиофизика,к. Шадринск,8 (285) 037-7182,85.0,,100.0,,,96.0
Марина Павловна Рожкова,2019,Целевое,6.2,309.0,История,п. Нягань,+7 (652) 449-7673,,,75.0,,100.0,72.0
Носкова Марфа Олеговна,2022,Платка,5.9,288.1,Психология,д. Нарьян-Мар,8 (134) 882-11-58,,,76.0,93.0,60.0,
Валентина Егоровна Кулагина,2019,Целевое,7.3,321.5,Философия,д. Киржач,8 662 331 8158,,,74.0,82.0,92.0,
Остап Чеславович Кулаков,2021,Бюджет,6.5,275.8,Международные отношения,с. Карталы,+7 226 748 15 53,,76.0,,56.0,,79.0
Третьякова Анастасия Геннадьевна,2023,Целевое,8.6,362.1,История,с. Вендинга,+7 209 459 9405,,100.0,,,99.0,77.0
Бажен Даниилович Борисов,2022,Целевое,6.1,337.4,Международные отношения,клх Шилка,+7 (820) 186-96-42,,89.0,,87.0,100.0,
Нестерова Татьяна Максимовна,2023,Бюджет,7.0,322.0,Кибербезопасность,г. Междуреченский,88605032587,75.0,90.0,,87.0,,
Лавр Виленович Селезнев,2021,Бюджет,7.6,309.7,Кибербезопасность,д. Усть-Илимск,+7 (529) 086-0403,,78.0,87.0,69.0,,
Акулина Аскольдовна Шарова,2021,Целевое,10.0,286.0,Радиофизика,г. Касимов,+78567067960,,,65.0,,61.0,60.0
Дьячкова Дарья Ждановна,2023,Бюджет,10.0,342.0,Кибербезопасность,с. Сузун,+7 183 451 30 98,94.0,,,,70.0,78.0
Шарапова Варвара Оскаровна,2022,Целевое,6.5,245.6,Международные отношения,клх Звенигород,8 132 229 5632,66.0,,70.0,,45.0,
Александров Селиван Гурьевич,2021,Бюджет,8.6,308.1,История,г. Ногинск (Моск.),8 (641) 247-00-61,,82.0,55.0,,,85.0
Гаврилов Иосиф Архипович,2019,Платка,6.4,233.3,Лечебное дело,п. Кабанск,8 366 032 2260,,,57.0,55.0,,57.0
Яковлева Глафира Вениаминовна,2022,Целевое,7.2,307.2,Международные отношения,д. Тимашевск,+7 011 104 04 28,88.0,,,,71.0,76.0
Воробьева Фаина Руслановна,2022,Целевое,10.0,319.0,Прикладная информатика,к. Звенигород,8 682 716 47 42,73.0,,84.0,,,62.0
Аполлон Августович Лыткин,2023,Бюджет,9.6,306.1,Психология,ст. Оленек,8 (361) 795-3167,,71.0,75.0,64.0,,
Исаева Евфросиния Федоровна,2020,Целевое,8.8,335.2,История,к. Снежинск,8 559 962 1061,,81.0,77.0,,,89.0
Шилова Лариса Юльевна,2022,Целевое,7.4,267.2,Психология,ст. Игнашино,88559338399,66.0,,,64.0,63.0,
Акулина Семеновна Игнатова,2023,Платка,8.5,373.2,Информатика,к. Ямбург,+7 405 523 50 50,,,,100.0,91.0,97.0
Жданова Виктория Тарасовна,2020,Платка,6.9,211.1,Прикладная математика,п. Токсово,+7 971 908 64 92,,50.0,48.0,44.0,,
Максимов Анисим Владиленович,2022,Платка,6.8,209.5,Прикладная информатика,клх Кировск (Мурм.),+7 200 423 8337,,54.0,,53.0,,35.0
Антонина Рубеновна Трофимова,2020,Бюджет,9.0,303.3,История,к. Сургут (Хант.),+73649033306,73.0,78.0,,,62.0,
Ефремова Наталья Архиповна,2022,Бюджет,8.2,324.2,Лечебное дело,с. Дивногорск,+7 (076) 837-74-70,85.0,,83.0,,74.0,
Лариса Эдуардовна Никифорова,2019,Целевое,9.2,353.5,История,д. Иркутск,86003948207,94.0,72.0,,,95.0,
Ковалева Ангелина Георгиевна,2023,Бюджет,8.0,374.9,История,к. Солнечногорск,8 908 793 21 47,99.0,96.0,,,100.0,
Кулагин Максимильян Артурович,2021,Целевое,6.9,293.2,Радиофизика,г. Костомукша,85311134942,75.0,,71.0,78.0,,
Анжела Эльдаровна Стрелкова,2019,Платка,9.5,327.4,Лечебное дело,г. Кежма,+7 911 203 95 42,79.0,,76.0,,77.0,
Ирина Ефимовна Князева,2020,Целевое,8.0,342.8,Международные отношения,ст. Чебаркуль,+7 009 491 3752,,89.0,97.0,,,77.0
Яковлев Евдоким Жоресович,2020,Целевое,6.2,339.9,Радиофизика,клх Кабанск,+7 (721) 920-6678,96.0,90.0,,,,92.0
Горшкова Ия Наумовна,2022,Бюджет,8.6,271.8,Информатика,ст. Гудермес,+7 576 380 9334,60.0,,,62.0,,64.0
Суворов Харитон Феодосьевич,2021,Целевое,6.7,287.1,Философия,к. Каменномостский,+71094883277,,75.0,,,80.0,65.0
Ермакова Марфа Вадимовна,2023,Бюджет,8.2,359.6,Философия,г. Калуга,8 (486) 436-80-78,87.0,,,99.0,,92.0
Авдеев Чеслав Федотович,2019,Целевое,8.1,235.6,Лечебное дело,ст. Оленегорск (Якут.),8 (882) 433-7249,42.0,,58.0,,,55.0
Измаил Елисеевич Капустин,2022,Платка,8.3,249.5,Информатика,клх Тотьма,+7 684 026 6077,43.0,63.0,,,61.0,
Соловьева Надежда Валериевна,2023,Бюджет,6.3,267.9,Прикладная математика,"ст. Москва, МГУ",+7 (880) 744-08-10,,62.0,,,73.0,70.0
Шашков Петр Чеславович,2019,Бюджет,7.2,192.8,Прикладная информатика,к. Асбест,+7 (354) 666-8577,44.0,,,53.0,,24.0
Анжелика Тарасовна Баранова,2020,Платка,7.9,337.0,Лечебное дело,клх Кизел,82450226006,89.0,,,78.0,,91.0
Трофим Владиленович Захаров,2020,Целевое,8.2,316.3,Прикладная информатика,д. Дно,8 (872) 496-14-25,84.0,81.0,69.0,,,
Медведев Савватий Владиславович,2021,Платка,7.9,270.0,Прикладная математика,клх Богучар,+7 (391) 465-9210,,58.0,65.0,68.0,,
Дьячков Авксентий Власович,2022,Целевое,9.1,382.9,Прикладная информатика,г. Поярково,+7 254 758 4453,,100.0,92.0,,,100.0
Субботина Марина Геннадьевна,2019,Бюджет,7.8,365.0,Кибербезопасность,клх Углич,8 (577) 056-5473,,,94.0,98.0,,95.0
Боян Фокич Савельев,2023,Бюджет,9.4,381.8,Прикладная математика,ст. Ишим,8 096 613 1215,,,,100.0,95.0,93.0
Некрасов Карл Харлампович,2021,Бюджет,7.9,277.4,Прикладная информатика,клх Казань,8 (317) 654-06-37,47.0,,74.0,,,77.0
Святослав Аверьянович Смирнов,2020,Платка,7.6,223.5,Философия,с. Тосно,+70458499410,57.0,,,46.0,44.0,
Агата Андреевна Матвеева,2021,Платка,9.9,390.6,Кибербезопасность,с. Тулун,+7 (974) 890-0314,100.0,,100.0,,,92.0
Ларионова Лариса Никифоровна,2019,Целевое,6.9,306.2,Международные отношения,с. Карачаевск,8 332 311 5388,,,62.0,83.0,92.0,
Лукин Антонин Теймуразович,2021,Целевое,9.9,381.8,История,г. Быково (метеост.),+7 (335) 351-1656,100.0,,100.0,,,83.0
Быков Радим Германович,2022,Бюджет,8.5,323.2,Прикладная информатика,г. Ессентуки,8 366 655 9282,71.0,,91.0,76.0,,
Наумова Полина Юльевна,2023,Целевое,4.5,313.6,Философия,ст. Казань,8 (067) 814-66-26,97.0,84.0,,,,88.0
Виктория Борисовна Зиновьева,2020,Бюджет,7.3,288.5,Информатика,д. Новомосковск,8 484 491 74 60,,69.0,79.0,68.0,,
Анжела Тимофеевна Кулагина,2023,Целевое,7.4,373.1,Прикладная математика,клх Серебряные Пруды,+7 (423) 697-4658,100.0,100.0,,,99.0,
Александра Даниловна Кузнецова,2021,Бюджет,8.2,280.5,Радиофизика,г. Кировск (Мурм.),8 (248) 607-82-12,59.0,,70.0,,69.0,
Жукова Анастасия Кузьминична,2021,Целевое,7.8,340.0,Радиофизика,к. Нижний Тагил,8 703 413 85 95,,,100.0,85.0,,77.0
Пестов Петр Марсович,2019,Бюджет,7.3,328.6,Информатика,п. Яр-Сале,8 (131) 792-6225,,,,89.0,86.0,81.0
Фаина Харитоновна Моисеева,2019,Платка,6.9,244.1,История,ст. Внуково (метеост.),8 229 095 7623,,59.0,65.0,,,51.0
Фокина Алла Владиславовна,2022,Платка,8.1,297.8,Прикладная информатика,с. Прохладный,8 180 974 0468,,,77.0,,69.0,71.0
Ростислав Тарасович Бобров,2019,Целевое,6.9,303.2,Лечебное дело,к. Лянтор,+7 (908) 713-8818,71.0,87.0,,76.0,,
Андреев Захар Тимурович,2019,Бюджет,7.7,245.2,Информатика,клх Анапа,8 (513) 897-1618,,60.0,,,51.0,57.0
Александр Данилович Овчинников,2022,Платка,7.5,320.6,Информатика,г. Минусинск,80107544558,79.0,,,87.0,,80.0
Елена Аскольдовна Тарасова,2023,Целевое,7.9,257.6,Психология,к. Выборг,+7 (750) 185-75-10,,47.0,71.0,61.0,,
Марк Даниилович Зимин,2019,Целевое,7.4,311.9,Радиофизика,ст. Лабинск,+7 (942) 046-4477,76.0,62.0,100.0,,,
Панфил Матвеевич Красильников,2023,Целевое,6.8,231.4,Радиофизика,с. Неплюевка,+7 (203) 321-3433,50.0,60.0,,53.0,,
Ефремов Автоном Владиленович,2020,Бюджет,9.7,334.0,Прикладная информатика,ст. Белорецк,+7 (183) 966-0705,,,71.0,99.0,,67.0
Аверьян Харламович Блинов,2022,Целевое,5.2,336.9,Кибербезопасность,п. Долинск,+7 518 923 5359,,92.0,,100.0,93.0,
Коновалова Елизавета Егоровна,2019,Бюджет,7.4,284.4,Кибербезопасность,п. Новокузнецк,+7 914 800 63 84,74.0,,73.0,63.0,,
Кир Владленович Тарасов,2022,Платка,7.1,370.6,Кибербезопасность,д. Усинск,8 (379) 724-9273,100.0,100.0,,,100.0,
Евгения Петровна Борисова,2021,Бюджет,7.2,232.1,Прикладная математика,д. Орел,8 165 873 55 10,39.0,64.0,,57.0,,
Галина Матвеевна Федотова,2021,Платка,7.3,347.1,Психология,д. Радужный,88212991857,,88.0,,91.0,95.0,
Фотий Анисимович Князев,2023,Целевое,7.8,323.6,Информатика,ст. Жигулевск,+7 (243) 021-7852,,,,79.0,70.0,97.0
Александр Бенедиктович Быков,2021,Бюджет,6.9,229.5,Философия,ст. Кабанск,86597771806,,,51.0,,59.0,51.0
Агап Аверьянович Муравьев,2020,Платка,9.0,278.6,Лечебное дело,д. Уренгой,8 680 130 31 45,65.0,,,72.0,52.0,
Соловьев Терентий Фомич,2023,Бюджет,7.7,309.3,Прикладная математика,клх Кимры,8 (232) 052-50-49,67.0,,90.0,75.0,,
Казакова Регина Петровна,2022,Платка,8.0,290.9,Прикладная математика,ст. Бугульма,8 (963) 930-36-49,,,65.0,,74.0,72.0
Пелагея Матвеевна Григорьева,2023,Целевое,9.0,303.7,Философия,к. Муравленко,+7 (335) 855-7580,72.0,,78.0,,,64.0
Ситникова Оксана Альбертовна,2020,Платка,7.5,238.6,Прикладная информатика,д. Крымск,8 903 545 5299,67.0,41.0,,,56.0,
Олимпиада Руслановна Степанова,2023,Платка,7.3,262.8,Кибербезопасность,д. Кулу,+71358049563,67.0,,,66.0,57.0,
Новикова Варвара Георгиевна,2020,Целевое,4.2,144.0,Международные отношения,ст. Ачхой Мартан,+70915671904,53.0,,,17.0,,32.0
Мельникова Евдокия Руслановна,2021,Платка,8.0,294.6,Прикладная математика,с. Серпухов,8 (106) 926-4249,,61.0,,92.0,,62.0
Панкратий Всеволодович Филатов,2021,Бюджет,8.1,321.1,История,п. Якутск,+7 272 868 79 18,88.0,54.0,,,98.0,
Герасимова Наина Александровна,2020,Платка,7.8,378.4,Лечебное дело,к. Ставрополь,84010094298,,100.0,,,100.0,100.0
Яков Харлампович Ильин,2023,Бюджет,5.7,300.8,Прикладная математика,д. Йошкар-Ола,8 (703) 498-6576,,,81.0,83.0,,80.0
Белов Ульян Всеволодович,2020,Целевое,9.0,330.1,Прикладная математика,ст. Майкоп,8 (155) 851-3401,78.0,79.0,,83.0,,
Ульяна Натановна Белова,2022,Целевое,8.3,304.2,Лечебное дело,к. Кизел,8 (219) 765-98-00,71.0,75.0,,75.0,,
Пахом Авдеевич Логинов,2023,Бюджет,9.1,390.6,Кибербезопасность,с. Меренга,8 (272) 798-74-73,100.0,,,100.0,,100.0
Агафонова Евгения Вадимовна,2021,Бюджет,7.6,269.1,Философия,ст. Тольятти,+7 (968) 558-0236,,,61.0,70.0,,62.0
Калинина Евфросиния Тарасовна,2022,Целевое,8.7,352.8,Информатика,клх Краснотурьинск,+7 121 560 6893,95.0,,,90.0,81.0,
Никонов Ким Всеволодович,2020,Целевое,8.6,345.5,Радиофизика,п. Алдан,+7 549 486 38 16,,,,86.0,94.0,80.0
тов. Шаров Аполлон Данилович,2020,Бюджет,7.0,326.3,Радиофизика,к. Сортавала,+7 501 143 42 36,91.0,88.0,,,77.0,
Буров Милен Яковлевич,2021,Платка,7.9,352.9,Прикладная информатика,г. Нарым,83007097986,,95.0,95.0,,,84.0
Илья Вилорович Петров,2020,Бюджет,5.5,206.4,Прикладная информатика,д. Ирбит,+7 (016) 974-1984,,,60.0,36.0,55.0,
Григорьев Евстигней Елисеевич,2020,Платка,6.4,354.6,Прикладная информатика,п. Яхрома,+7 688 335 8113,100.0,94.0,,,,97.0
Федор Харлампьевич Денисов,2023,Платка,6.2,361.7,Международные отношения,клх Усмань,85461929009,,100.0,100.0,,,100.0
Ираида Натановна Зайцева,2021,Бюджет,9.0,251.7,История,ст. Ангарск,8 (491) 628-4193,,51.0,56.0,55.0,,
г-н Веселов Аким Валентинович,2019,Бюджет,7.8,269.2,Лечебное дело,к. Лазаревское,+79944339889,,84.0,60.0,47.0,,
Доронина Эмилия Семеновна,2021,Платка,8.6,235.9,Психология,ст. Яхрома,8 535 132 79 30,,65.0,,31.0,54.0,
Уварова Валентина Михайловна,2020,Бюджет,7.7,315.4,Прикладная информатика,п. Краснодар,+7 (883) 571-32-27,65.0,,87.0,,,86.0
Андреев Афанасий Виленович,2022,Бюджет,5.5,336.1,Прикладная математика,д. Чермоз,8 (386) 817-91-61,,,100.0,99.0,82.0,
Лидия Альбертовна Захарова,2020,Бюджет,10.0,268.0,Прикладная информатика,к. Тура,8 (301) 308-4906,,46.0,64.0,,,58.0
Кондратий Фролович Фомин,2023,Целевое,6.4,361.6,Прикладная информатика,г. Сергиев Посад,8 (712) 412-17-30,,100.0,,100.0,98.0,
Харитон Владленович Тимофеев,2020,Целевое,7.3,284.1,Философия,д. Вендинга,8 (791) 665-6375,,,60.0,76.0,,75.0
Лукия Константиновна Морозова,2019,Бюджет,8.2,210.7,История,г. Уфа,8 202 386 06 78,,,60.0,37.0,,32.0
Жанна Рубеновна Беляева,2022,Целевое,6.9,245.3,Радиофизика,г. Учалы,8 (905) 995-6076,40.0,,,76.0,,60.0
Шарова Элеонора Ниловна,2022,Бюджет,6.8,286.0,Психология,ст. Пинега,8 403 245 3255,,87.0,61.0,,70.0,
Борислав Бориславович Власов,2021,Платка,8.2,309.6,Психология,с. Бугуруслан,8 (441) 681-2789,93.0,,74.0,61.0,,
Ян Феоктистович Кулаков,2022,Платка,5.3,330.6,Прикладная информатика,с. Крымск,+7 (955) 564-3172,,,,100.0,89.0,89.0
Хохлова Наталья Антоновна,2021,Платка,7.5,288.4,Информатика,п. Кисловодск,8 (109) 419-53-61,63.0,,78.0,,,72.0
Селиверстов Аггей Ефимьевич,2020,Целевое,7.6,176.7,Философия,с. Верхний Баскунчак,+7 304 133 91 16,,,,39.0,38.0,24.0
Яков Фадеевич Сафонов,2022,Целевое,7.3,308.5,Радиофизика,ст. Оха,+7 892 668 2443,,84.0,,,73.0,79.0
Демид Дмитриевич Михайлов,2021,Бюджет,8.4,349.6,Прикладная математика,клх Иркутск,+7 (545) 692-5135,,77.0,93.0,96.0,,
Нонна Ивановна Лазарева,2021,Бюджет,8.9,244.4,История,с. Ардон,88807054950,,47.0,,,54.0,54.0
Романова Алина Натановна,2020,Бюджет,9.6,240.8,Психология,ст. Плес,+7 (658) 800-51-46,,,48.0,44.0,53.0,
Кабанова Анна Вениаминовна,2023,Целевое,7.0,249.3,Философия,п. Хасавюрт,+7 852 348 4321,,,67.0,59.0,,53.0
Павлова Ангелина Никифоровна,2020,Бюджет,5.7,285.8,Философия,ст. Борзя,+7 789 747 64 11,,71.0,73.0,,85.0,
Леон Гордеевич Попов,2023,Бюджет,8.3,351.3,История,п. Сибай,+7 314 008 7547,100.0,83.0,85.0,,,
Кудряшов Сергей Еремеевич,2020,Платка,6.6,270.2,Международные отношения,к. Сызрань,8 (612) 124-3586,,54.0,69.0,,81.0,
Елизар Герасимович Одинцов,2019,Бюджет,7.2,371.0,Прикладная математика,клх Южно-Курильск,+75476668620,,,100.0,100.0,99.0,
Тихонов Владислав Изотович,2023,Платка,7.3,340.8,Кибербезопасность,г. Сухиничи,8 484 992 5801,,76.0,92.0,100.0,,
Татьяна Александровна Пахомова,2021,Целевое,7.7,323.7,Прикладная математика,п. Ревда (Сверд.),8 (410) 403-74-66,,90.0,86.0,71.0,,
Пахомов Никита Германович,2020,Целевое,6.5,227.6,Информатика,д. Адыгейск,+7 757 503 15 53,52.0,,51.0,60.0,,
Феофан Игнатович Пономарев,2021,Бюджет,8.2,372.0,Философия,п. Новосибирск,8 (007) 605-5522,,100.0,,91.0,,99.0
Богдан Витальевич Поляков,2021,Платка,6.6,300.2,Международные отношения,с. Каргополь,82822289481,89.0,,71.0,,,74.0
Петухова Анна Болеславовна,2021,Бюджет,5.3,301.6,Лечебное дело,д. Бийск,+7 (287) 521-76-90,66.0,98.0,,,85.0,
Белякова Жанна Оскаровна,2023,Бюджет,8.0,241.7,Кибербезопасность,д. Избербаш,+7 618 469 92 98,,57.0,,,48.0,57.0
Лыткин Август Эдуардович,2020,Целевое,9.5,336.9,История,клх Курганинск,+7 (865) 656-8947,,,,73.0,83.0,86.0
Власов Боян Авдеевич,2019,Бюджет,7.3,270.3,История,клх Сеймчан,8 100 893 1110,,67.0,59.0,,71.0,
Тетерин Изяслав Власович,2019,Платка,7.0,313.1,Лечебное дело,с. Бологое,8 (082) 792-4498,,100.0,62.0,81.0,,
Селезнева Наина Петровна,2021,Платка,7.5,289.5,Международные отношения,д. Североморск,8 (198) 909-99-97,,87.0,72.0,55.0,,
Савельева Лидия Натановна,2019,Платка,7.2,312.8,Философия,клх Новочеркасск,8 564 768 81 83,74.0,,86.0,81.0,,
Ситникова Олимпиада Петровна,2021,Бюджет,8.0,320.2,Радиофизика,п. Неплюевка,81852211183,65.0,,,95.0,80.0,
Иннокентий Гурьевич Михеев,2022,Целевое,6.4,305.2,Международные отношения,ст. Домбай,+73945593990,91.0,,75.0,,,75.0
тов. Кириллова Марфа Федоровна,2022,Платка,6.3,301.5,Международные отношения,д. Клин,+7 (984) 063-1510,,,,84.0,96.0,59.0
Жданов Григорий Андреевич,2023,Целевое,7.9,261.8,Международные отношения,г. Ардон,83178521839,51.0,,54.0,,78.0,
Виктория Ефимовна Щербакова,2019,Бюджет,6.1,243.1,Психология,ст. Верхоянск,8 (237) 521-60-70,61.0,65.0,,56.0,,
Светозар Алексеевич Наумов,2019,Бюджет,7.0,204.0,Кибербезопасность,с. Кисловодск,+7 (777) 979-2296,,39.0,53.0,,,42.0
Лобанова Лидия Ильинична,2019,Целевое,6.3,241.0,Прикладная математика,п. Воронеж,8 606 223 00 55,,42.0,,73.0,,63.0
София Валентиновна Тимофеева,2022,Целевое,8.1,272.2,Кибербезопасность,с. Снежногорск (Мурм.),8 (634) 180-34-73,,,58.0,,59.0,74.0
Галактион Харламович Абрамов,2019,Бюджет,6.6,323.6,Радиофизика,к. Макушино,8 (537) 352-3362,,89.0,88.0,,81.0,
Аристарх Валерианович Федотов,2023,Целевое,9.7,390.0,Психология,п. Мезень,8 579 241 55 58,93.0,100.0,,,100.0,
Мельникова Василиса Степановна,2021,Бюджет,5.7,291.6,История,п. Карабулак,+74185881917,100.0,,,74.0,,61.0
Артем Юлианович Родионов,2023,Платка,8.0,232.2,Прикладная математика,д. Забайкальск,+7 (428) 071-21-05,,46.0,64.0,42.0,,
Бронислав Гертрудович Горбачев,2022,Бюджет,6.4,342.6,Лечебное дело,с. Губкин,8 (121) 194-14-29,,98.0,,,81.0,100.0
Ираида Викторовна Родионова,2019,Бюджет,8.0,276.4,Прикладная информатика,д. Лазаревское,8 930 293 5220,68.0,68.0,60.0,,,
Надежда Тарасовна Муравьева,2022,Бюджет,8.4,364.8,Международные отношения,п. Киржач,8 633 671 22 21,,81.0,,,100.0,100.0
Терентий Викентьевич Кулаков,2021,Бюджет,8.4,355.7,Кибербезопасность,д. Глазов,8 (260) 174-71-70,84.0,,,,95.0,93.0
Киселева Эмилия Егоровна,2021,Платка,7.8,287.4,Прикладная математика,ст. Аршан (Бурят.),8 (104) 279-1818,,65.0,79.0,,,65.0
Элеонора Юрьевна Пономарева,2021,Платка,7.5,261.5,Психология,г. Белорецк,8 (151) 542-9262,,71.0,66.0,,,50.0
Самсонов Демьян Елисеевич,2023,Бюджет,6.0,271.6,Философия,к. Ноглики,8 402 122 85 15,,,51.0,61.0,100.0,
Эмиль Матвеевич Уваров,2023,Платка,8.6,351.3,Радиофизика,ст. Новгород Великий,+7 406 203 42 46,,,83.0,92.0,90.0,
Архипов Юлий Юльевич,2023,Платка,7.3,321.9,Международные отношения,п. Волоколамск,+7 944 639 9978,,,88.0,,100.0,61.0
Климент Ермилович Вишняков,2021,Бюджет,5.3,326.7,Прикладная информатика,п. Кузнецк,+75944042023,,,95.0,90.0,,89.0
Тарасов Наум Иларионович,2022,Бюджет,7.9,361.4,Кибербезопасность,с. Благовещенск (Амур.),8 530 339 7761,91.0,,96.0,,95.0,
Тарасов Ипат Фролович,2019,Платка,9.2,324.2,Кибербезопасность,к. Стерлитамак,+76352898522,,,92.0,75.0,,65.0
Болеслав Трофимович Яковлев,2023,Платка,8.3,318.0,Радиофизика,клх Ангарск,+7 209 341 57 93,,74.0,,75.0,86.0,
Климент Матвеевич Кулаков,2023,Платка,8.3,380.8,Информатика,клх Мокшан,8 (061) 306-39-28,100.0,100.0,,,98.0,
Пономарева Лора Леоновна,2022,Бюджет,6.4,288.0,Прикладная информатика,ст. Мостовской,+79368112532,64.0,,,,81.0,79.0
Ширяев Агафон Афанасьевич,2022,Бюджет,8.2,378.6,Прикладная информатика,п. Невьянск,84585608357,,,100.0,100.0,97.0,
Дементьев Аполлинарий Якубович,2023,Бюджет,5.6,237.3,Радиофизика,г. Моздок,8 683 345 15 56,73.0,65.0,,,43.0,
Потап Тарасович Никонов,2021,Платка,7.2,348.5,Прикладная математика,г. Дербент,8 456 434 70 63,93.0,,,,90.0,94.0
Уварова Евгения Геннадьевна,2020,Платка,6.1,324.5,Прикладная математика,г. Луга,+7 (939) 451-9784,96.0,,100.0,,,68.0
София Юрьевна Попова,2022,Платка,8.9,272.6,Международные отношения,г. Бронницы,+7 (741) 425-7842,86.0,,50.0,48.0,,
Мечислав Еремеевич Ершов,2021,Платка,8.8,316.2,Психология,к. Каргасок,+78132949596,,81.0,,69.0,78.0,
Матвеева Евгения Ниловна,2021,Платка,7.5,370.0,Кибербезопасность,ст. Сергиев Посад,8 (167) 568-5595,95.0,,100.0,100.0,,
Митофан Захарьевич Смирнов,2021,Целевое,7.1,253.7,Радиофизика,п. Ачхой Мартан,8 685 412 6196,,77.0,,,46.0,60.0
Ковалева Анастасия Тимуровна,2023,Целевое,10.0,357.0,Лечебное дело,к. Середниково,89431419035,,,74.0,83.0,,100.0
г-н Мамонтов Виссарион Филатович,2022,Целевое,8.8,301.2,Прикладная математика,ст. Благовещенск (Амур.),+71902099213,,81.0,,,63.0,69.0
Ершов Наум Дмитриевич,2023,Бюджет,8.5,335.0,Кибербезопасность,ст. Черкесск,82181759721,,79.0,,97.0,,74.0
Журавлев Эрнст Федотович,2023,Целевое,9.2,364.8,Лечебное дело,ст. Каневская,+7 153 993 26 54,,,100.0,76.0,97.0,
Васильева Марфа Игоревна,2019,Бюджет,9.7,242.6,Философия,к. Сеймчан,+7 855 454 6280,62.0,,,36.0,,48.0
Пестова Марина Георгиевна,2020,Платка,6.3,309.4,Прикладная информатика,ст. Тымовское,+7 762 507 8602,,80.0,,,94.0,72.0
Горшкова Алла Аркадьевна,2019,Бюджет,7.3,364.4,Кибербезопасность,д. Южно-Сахалинск,8 307 865 9697,,91.0,,,100.0,100.0
Аверьян Алексеевич Молчанов,2022,Целевое,6.8,271.9,Кибербезопасность,п. Норильск,8 329 258 02 68,68.0,72.0,,,64.0,
Самуил Власович Аксенов,2021,Целевое,6.3,273.2,Прикладная математика,к. Адлер,82106778455,72.0,76.0,,62.0,,
Лукьян Венедиктович Шестаков,2022,Бюджет,6.6,192.5,Лечебное дело,п. Рославль,+7 593 423 70 89,45.0,,41.0,,40.0,
Григорьев Александр Вилорович,2020,Целевое,7.7,376.6,Информатика,д. Лысьва,8 (280) 674-3225,,100.0,100.0,,,100.0
Денис Артурович Захаров,2019,Целевое,5.5,299.8,Кибербезопасность,с. Солнечногорск,+7 978 878 68 61,,,94.0,68.0,,83.0
Тетерин Степан Давыдович,2023,Бюджет,6.6,254.3,Психология,с. Березники,8 791 876 55 70,,52.0,59.0,,77.0,
Таисия Дмитриевна Голубева,2022,Платка,8.8,388.3,Лечебное дело,г. Колпашево,8 846 380 42 10,100.0,100.0,,,,100.0
Мамонтова Ульяна Матвеевна,2022,Платка,7.7,304.7,История,д. Брянск,+7 (706) 424-5826,69.0,,,,83.0,76.0
Клавдий Владиславович Кузьмин,2019,Бюджет,9.9,244.7,Психология,п. Буденновск,85428512076,53.0,45.0,,,48.0,
Гуляев Харитон Игнатович,2019,Платка,7.0,269.1,Философия,к. Железногорск(Курск.),8 (464) 100-36-21,,64.0,,54.0,81.0,
Никитин Милован Игоревич,2021,Платка,8.0,338.2,Кибербезопасность,д. Охотск,8 (160) 269-76-52,87.0,83.0,88.0,,,
Сергеев Тит Дмитриевич,2023,Бюджет,10.0,233.6,Философия,клх Канск,+7 (923) 679-71-50,,,,46.0,51.0,37.0
Ия Петровна Пестова,2020,Целевое,6.8,259.4,Психология,г. Киржач,+7 803 611 2260,,53.0,,57.0,,81.0
Тихон Гордеевич Блинов,2022,Платка,6.9,285.6,Философия,с. Чермоз,8 761 255 7714,,,60.0,75.0,,82.0
Панфилов Каллистрат Елисеевич,2020,Целевое,5.4,249.7,Информатика,г. Апатиты,+7 221 563 17 48,,67.0,,,62.0,67.0
Шарапова Алевтина Альбертовна,2021,Бюджет,8.8,382.2,Психология,клх Славгород,+7 (481) 841-4310,100.0,,94.0,,100.0,
Ларионов Аполлинарий Бориславович,2019,Платка,10.0,356.0,Философия,д. Корсаков,+7 045 456 5687,84.0,82.0,90.0,,,
Петрова Евдокия Егоровна,2019,Бюджет,7.9,322.5,Радиофизика,г. Домодедово,+75785346646,70.0,89.0,85.0,,,
Мирон Валерьевич Логинов,2021,Платка,8.3,342.3,Международные отношения,д. Выборг,8 (799) 769-6683,100.0,70.0,,,89.0,
Архипова Алевтина Макаровна,2019,Платка,7.0,236.0,Международные отношения,клх Россошь,+7 (653) 184-3545,59.0,,,51.0,56.0,
тов. Беспалова Людмила Романовна,2020,Целевое,4.0,224.0,Радиофизика,к. Кажим,+7 (114) 957-37-17,,59.0,,62.0,,63.0
Тарасова Зинаида Ивановна,2019,Бюджет,6.1,357.9,Радиофизика,с. Дагомыс,8 (409) 035-4885,97.0,100.0,100.0,,,
Смирнова Вероника Тимуровна,2023,Платка,7.7,377.1,Прикладная информатика,с. Уфа,86903852856,100.0,100.0,100.0,,,
Елисеев Максим Валерианович,2022,Платка,7.2,239.4,Прикладная математика,с. Шенкурск,8 (681) 558-36-54,51.0,51.0,65.0,,,
Глафира Тимофеевна Суворова,2019,Платка,6.6,275.4,История,клх Катав-Ивановск,+7 (905) 712-03-62,,67.0,69.0,,73.0,
Екатерина Федоровна Шилова,2020,Платка,9.2,273.6,Радиофизика,к. Мурманск,8 991 471 7679,,,46.0,72.0,,64.0
Венедикт Фомич Гусев,2022,Платка,6.3,256.9,Прикладная математика,с. Армавир,8 (933) 494-4991,67.0,,,82.0,,45.0
Лобанов Леонид Владленович,2023,Бюджет,5.6,285.8,Философия,к. Шатой,+7 678 214 3958,93.0,76.0,,61.0,,
Ираклий Владленович Лыткин,2023,Бюджет,8.1,296.1,Лечебное дело,с. Санкт-Петербург,8 228 465 8664,78.0,,67.0,70.0,,
Комиссарова Лариса Антоновна,2021,Платка,7.1,370.7,Информатика,п. Дно,82661495093,,,100.0,100.0,,100.0
Фомин Леонтий Валерианович,2023,Платка,6.9,354.0,Психология,клх Голицыно,8 806 605 7475,,,89.0,96.0,100.0,
Захаров Милан Измаилович,2021,Платка,6.9,234.6,Радиофизика,к. Новомичуринск,+71770149870,56.0,58.0,,,52.0,
Боброва Татьяна Богдановна,2020,Платка,8.0,341.2,Кибербезопасность,г. Петушки,+78581891346,,100.0,80.0,,,81.0
Потапова Глафира Афанасьевна,2022,Бюджет,4.8,305.4,Лечебное дело,п. Чокурдах,8 (759) 055-8507,87.0,,75.0,,95.0,
Васильев Симон Иосипович,2019,Целевое,6.8,290.0,Философия,с. Новгород Великий,+7 (391) 700-89-33,,,67.0,93.0,62.0,
Виктория Степановна Кабанова,2019,Платка,6.2,229.4,История,п. Верхний Баскунчак,8 (276) 001-03-75,60.0,73.0,,34.0,,
Клавдия Эльдаровна Шарапова,2019,Целевое,10.0,371.0,Прикладная информатика,ст. Невельск,+79909995961,91.0,,,100.0,80.0,
Панфилова Феврония Матвеевна,2022,Платка,7.3,363.1,Международные отношения,ст. Волоколамск,8 (656) 285-63-80,,99.0,,91.0,,100.0
Селиван Арсеньевич Власов,2020,Бюджет,9.2,343.5,Радиофизика,ст. Одинцово,+7 (656) 326-3920,91.0,66.0,,95.0,,
Лидия Вениаминовна Мельникова,2019,Целевое,7.5,322.6,Радиофизика,г. Тырныауз,88651583647,,89.0,78.0,,81.0,
Синклитикия Феликсовна Турова,2019,Целевое,5.3,268.9,Психология,с. Ведено,+73924052114,54.0,,,87.0,75.0,
Вацлав Глебович Лобанов,2019,Бюджет,5.9,282.4,Психология,с. Уфа,+7 (114) 442-65-01,,,70.0,,78.0,75.0
Кондрат Харлампович Устинов,2023,Бюджет,8.7,311.5,Кибербезопасность,ст. Йошкар-Ола,+7 (450) 312-11-17,93.0,73.0,,,,59.0
Евпраксия Юльевна Яковлева,2019,Целевое,8.6,320.8,Философия,п. Вязьма,8 155 508 49 25,81.0,,81.0,,,73.0
Владимирова Марфа Георгиевна,2020,Бюджет,6.0,303.8,История,ст. Иркутск,8 882 755 3987,80.0,,,80.0,84.0,
Пелагея Богдановна Никонова,2022,Бюджет,6.2,290.2,Прикладная информатика,к. Урус-Мартан,8 (739) 328-4758,72.0,,,83.0,73.0,
Маслова Майя Семеновна,2021,Целевое,7.6,368.9,Психология,клх Калачинск,8 214 081 12 48,,93.0,100.0,,,100.0
Прохоров Владилен Захарьевич,2022,Бюджет,7.0,242.2,Психология,п. Липецк,8 275 821 5190,76.0,,47.0,49.0,,
Кира Сергеевна Антонова,2021,Целевое,9.0,373.1,Прикладная информатика,д. Асбест,8 (697) 110-19-67,,96.0,,87.0,,100.0
Горбунова Таисия Тарасовна,2019,Бюджет,7.2,339.3,Философия,к. Мичуринск,8 165 431 95 38,100.0,90.0,77.0,,,
Антонина Валентиновна Зыкова,2022,Целевое,8.4,295.4,Философия,п. Дзержинск,+7 (920) 770-3436,71.0,56.0,,84.0,,
Исидор Фадеевич Мухин,2020,Бюджет,7.0,256.0,Психология,г. Апшеронск,+78861513826,78.0,,,,56.0,52.0
Горшкова Алла Семеновна,2022,Целевое,8.3,322.3,Прикладная информатика,к. Хужир,87762773122,74.0,,88.0,,,77.0
Самсонов Евстафий Анисимович,2020,Целевое,8.6,350.7,Прикладная информатика,ст. Рыльск,8 (895) 266-64-86,73.0,,100.0,92.0,,
Артемьева Александра Валентиновна,2022,Целевое,9.8,245.8,Кибербезопасность,п. Бугуруслан,+7 092 495 62 55,55.0,,,,35.0,58.0
Никандр Марсович Яковлев,2023,Платка,6.7,253.4,Кибербезопасность,к. Советский,8 410 719 2119,,55.0,,60.0,71.0,
Севастьян Ярославович Лихачев,2022,Платка,8.0,344.1,Прикладная математика,к. Котельнич,+7 595 021 11 46,,,,90.0,92.0,82.0
Савин Куприян Феофанович,2019,Платка,8.0,311.5,Информатика,клх Котлас,+7 (963) 289-44-74,70.0,77.0,,84.0,,
Попов Адриан Фролович,2023,Целевое,6.5,271.3,Информатика,к. Майкоп,8 (553) 784-2905,,70.0,68.0,,68.0,
Власов Владимир Бориславович,2023,Целевое,7.0,274.8,Радиофизика,к. Рославль,+7 530 220 0612,63.0,,,79.0,63.0,
Валерия Львовна Субботина,2020,Платка,7.7,318.8,Информатика,ст. Камышин,8 (098) 953-56-70,,83.0,77.0,,,82.0
Третьякова Валерия Валериевна,2023,Бюджет,10.0,330.0,Международные отношения,клх Апатиты,+7 (252) 984-90-42,,,62.0,83.0,,85.0
Нестерова Фёкла Владиславовна,2020,Бюджет,8.9,287.3,Философия,клх Нижний Новгород,+7 509 389 3215,,70.0,69.0,,,59.0
Пестов Онуфрий Давидович,2021,Бюджет,7.9,270.1,Радиофизика,с. Ясный (Оренб.),+7 691 211 66 43,,,76.0,,62.0,53.0
Эдуард Абрамович Герасимов,2020,Бюджет,7.4,341.2,Прикладная информатика,к. Югорск,8 (401) 683-8362,76.0,,,,95.0,96.0
Анжела Максимовна Кондратьева,2022,Платка,7.4,327.0,Прикладная математика,п. Саратов,+7 (741) 096-18-46,,77.0,,87.0,,89.0
Игорь Глебович Титов,2019,Платка,8.2,262.2,Прикладная информатика,с. Кропоткин (Краснод.),8 969 905 51 02,,,,66.0,65.0,49.0
Элеонора Александровна Родионова,2023,Целевое,7.3,317.2,Международные отношения,ст. Шатки,80836877015,100.0,67.0,77.0,,,
Беляев Михаил Матвеевич,2021,Платка,8.5,361.5,Философия,г. Каспийск,+7 (509) 053-86-38,,,94.0,90.0,,92.0
Фотий Ильич Дьячков,2023,Целевое,7.2,309.3,Международные отношения,п. Слюдянка,+7 502 922 48 33,,82.0,,,79.0,76.0
Кулагин Эммануил Владленович,2019,Бюджет,7.3,326.3,Философия,с. Ржев,+7 (138) 726-7856,100.0,,76.0,77.0,,
Адриан Витальевич Кузьмин,2021,Целевое,7.5,322.5,Прикладная информатика,ст. Устюжна,8 049 687 37 81,82.0,73.0,,,92.0,
Князев Прокл Евстигнеевич,2019,Бюджет,8.7,208.2,Прикладная информатика,п. Моршанск,+7 353 227 47 38,27.0,,59.0,,,35.0
Гришина София Павловна,2021,Целевое,7.4,346.7,Радиофизика,г. Саров (Морд.),83650535901,94.0,,100.0,79.0,,
Ия Ильинична Шубина,2020,Платка,6.8,316.5,Радиофизика,к. Усть-Кулом,81779194915,,70.0,100.0,79.0,,
Изот Терентьевич Носов,2019,Целевое,4.7,306.2,Международные отношения,ст. Назрань,8 621 509 7822,93.0,,,66.0,100.0,
Авдей Эдуардович Гаврилов,2022,Целевое,8.5,344.5,Международные отношения,д. Ялуторовск,+7 734 022 49 57,78.0,,90.0,,92.0,
Воронов Симон Ерофеевич,2019,Целевое,5.9,261.8,История,ст. Великий Устюг,8 734 473 28 50,73.0,,,66.0,,64.0
Жданова Евдокия Макаровна,2022,Целевое,6.3,275.1,Кибербезопасность,п. Оха,+7 (344) 271-4865,66.0,,78.0,,68.0,
Артем Александрович Трофимов,2019,Платка,5.7,252.3,Информатика,г. Нижневартовск,8 586 304 24 03,45.0,81.0,,,69.0,
Стоян Ануфриевич Суворов,2022,Платка,6.7,292.7,Радиофизика,клх Шаховская,+7 272 940 20 71,,62.0,94.0,,70.0,
Селиван Феофанович Жуков,2021,Платка,7.5,245.7,Радиофизика,с. Кизилюрт,8 (756) 228-4665,,,79.0,,47.0,45.0
Андреева София Анатольевна,2023,Целевое,7.8,324.7,Информатика,г. Ковров,8 865 050 3738,82.0,91.0,,,74.0,
Екатерина Ждановна Елисеева,2021,Целевое,6.8,299.4,Лечебное дело,клх Шелагонцы,8 925 853 5911,64.0,,80.0,,87.0,
Алина Ильинична Ефимова,2020,Целевое,5.4,293.7,Кибербезопасность,д. Белый Яр (Томск.),8 (954) 889-39-51,82.0,79.0,,,79.0,
Вениамин Зиновьевич Котов,2020,Целевое,7.4,268.0,Философия,ст. Сковородино,+7 (483) 356-15-33,,66.0,,58.0,70.0,
Аксенов Всеслав Тимурович,2023,Платка,8.1,281.6,Информатика,п. Вязьма,88638340902,65.0,,,,72.0,64.0
Марфа Егоровна Карпова,2021,Платка,9.1,293.6,Прикладная математика,к. Кизляр,89712941601,67.0,,,80.0,56.0,
Фаина Владиславовна Петухова,2022,Бюджет,7.5,332.1,Психология,д. Баксан,+7 648 836 4534,95.0,,82.0,80.0,,
Никифоров Дмитрий Денисович,2020,Платка,6.3,261.8,Прикладная математика,п. Верхоянск,83577082164,65.0,69.0,65.0,,,
Веселова Антонина Дмитриевна,2021,Бюджет,6.4,207.3,Международные отношения,д. Шелехов,+7 199 434 7910,,54.0,,40.0,49.0,
Тихон Андреевич Ларионов,2019,Целевое,8.5,312.7,Информатика,д. Приморско-Ахтарск,82541329091,78.0,,92.0,,58.0,
Носкова Фаина Владиславовна,2022,Бюджет,6.0,248.8,Радиофизика,клх Серебряные Пруды,8 976 599 3710,,52.0,,72.0,65.0,
Сила Фёдорович Сергеев,2022,Платка,6.1,209.8,Прикладная математика,п. Ставрополь,8 196 443 65 37,45.0,47.0,,57.0,,
Павлова Прасковья Степановна,2021,Бюджет,6.7,283.0,Философия,г. Амурск,+7 (485) 628-17-02,,,69.0,,80.0,67.0
Иванна Михайловна Михеева,2023,Целевое,8.1,363.8,Лечебное дело,ст. Певек,8 (710) 787-97-66,83.0,,100.0,,100.0,
Доронина Лидия Валентиновна,2021,Платка,6.3,285.4,Кибербезопасность,с. Тутончаны,8 (177) 295-50-32,56.0,,73.0,93.0,,
Ларионов Владимир Валентинович,2023,Бюджет,7.1,300.3,Психология,д. Советский,8 (037) 986-4888,70.0,,,75.0,,84.0
Тимур Эдуардович Горбачев,2023,Платка,9.4,296.3,Прикладная математика,с. Вологда,8 174 896 0704,78.0,55.0,69.0,,,
Владислав Алексеевич Трофимов,2021,Платка,5.8,339.8,Кибербезопасность,п. Костомукша,+7 (311) 391-9765,97.0,,89.0,96.0,,
Селезнев Федор Захарьевич,2021,Целевое,7.1,287.6,Международные отношения,к. Калач-на-Дону,8 163 799 41 43,,55.0,,71.0,91.0,
Суворова Лариса Вениаминовна,2023,Целевое,7.3,294.7,Информатика,п. Кашира,+7 703 649 97 89,68.0,61.0,,93.0,,
Ирина Павловна Орлова,2020,Бюджет,7.1,280.5,Радиофизика,г. Усть-Ордынский,+7 655 944 5832,,,78.0,75.0,57.0,
тов. Казакова Юлия Захаровна,2023,Целевое,8.7,335.0,Лечебное дело,ст. Одинцово,8 (497) 812-73-04,,83.0,,83.0,,82.0
Тарас Феофанович Елисеев,2020,Целевое,6.6,212.1,Психология,с. Каргасок,+7 (713) 433-70-43,48.0,52.0,,,46.0,
Якушев Константин Игнатьевич,2020,Целевое,7.3,349.6,Прикладная информатика,клх Меренга,8 (009) 428-22-06,,,,86.0,99.0,92.0
Лавр Игнатьевич Белозеров,2021,Платка,7.4,291.2,Прикладная математика,г. Кырен,+7 (374) 233-86-79,69.0,,88.0,,60.0,
Дьячкова Оксана Вячеславовна,2021,Платка,8.5,320.2,Информатика,п. Усть-Ишим,8 052 372 9053,,83.0,,72.0,,80.0
Варвара Святославовна Евдокимова,2021,Бюджет,7.0,311.3,Международные отношения,д. Ангарск,+7 920 667 67 00,,76.0,,,100.0,65.0
Виктория Вениаминовна Турова,2019,Платка,8.0,366.6,Информатика,д. Зарайск,8 (783) 590-09-79,98.0,89.0,100.0,,,
Панфил Тихонович Лазарев,2019,Бюджет,9.4,304.4,Прикладная информатика,с. Барнаул,+7 073 137 2889,,,68.0,64.0,78.0,
Щукина Клавдия Рудольфовна,2020,Целевое,6.6,280.2,Прикладная информатика,п. Мичуринск,8 158 952 11 90,80.0,,61.0,,,73.0
Аверкий Жоресович Кошелев,2020,Целевое,5.7,223.0,Кибербезопасность,д. Бирск,8 (445) 992-43-66,52.0,,,54.0,,60.0
Всемил Адрианович Федотов,2019,Платка,7.4,305.3,Прикладная информатика,к. Оймякон,8 (414) 462-05-11,67.0,74.0,,90.0,,
Флорентин Богданович Кудрявцев,2019,Бюджет,7.2,346.8,История,с. Глазов,+7 272 154 84 33,,94.0,100.0,81.0,,
Никифорова Нонна Оскаровна,2020,Платка,7.7,279.1,Радиофизика,с. Лянтор,8 (598) 717-06-04,71.0,,,,55.0,76.0
Евдокимов Всеслав Исидорович,2022,Платка,7.6,362.7,Информатика,д. Южно-Курильск,8 798 482 6692,93.0,,,100.0,,94.0
Фомин Лукьян Германович,2019,Целевое,6.6,312.7,История,г. Аргаяш,8 (229) 488-02-25,98.0,,,72.0,77.0,
Селиверст Харлампович Бобров,2019,Целевое,7.0,285.1,Психология,ст. Городовиковск,+71380577479,59.0,69.0,,87.0,,
Козлов Наум Демидович,2021,Целевое,6.0,334.7,Радиофизика,д. Медногорск,+70729433778,,91.0,,100.0,,84.0
Тарасов Сидор Гурьевич,2022,Целевое,6.8,352.0,Информатика,д. Кинешма,8 (995) 182-8876,,,97.0,87.0,,100.0
Горбунова Марфа Оскаровна,2020,Бюджет,7.7,271.2,Кибербезопасность,ст. Воронеж,88985555627,61.0,73.0,,,,60.0
Евгения Вадимовна Виноградова,2021,Целевое,6.8,293.7,Информатика,к. Ангарск,8 628 477 4238,81.0,63.0,,82.0,,
Алевтина Вадимовна Рыбакова,2023,Бюджет,9.0,350.5,История,п. Шатура,+7 (726) 934-28-78,74.0,,,86.0,100.0,
Оксана Вениаминовна Егорова,2023,Платка,7.9,305.3,Психология,д. Волхов,8 (889) 766-41-97,83.0,,,72.0,71.0,
Тарас Бориславович Голубев,2020,Целевое,6.2,325.4,Радиофизика,ст. Чехов,+7 103 880 17 00,79.0,89.0,95.0,,,
Абрамова Олимпиада Эдуардовна,2023,Бюджет,7.8,377.9,История,ст. Смирных,+7 420 585 31 20,100.0,,100.0,,100.0,
Ярополк Ермилович Молчанов,2021,Бюджет,6.6,232.7,Информатика,д. Елабуга,+7 (811) 511-65-24,62.0,,45.0,60.0,,
Буров Арсений Борисович,2022,Целевое,5.0,195.2,Прикладная информатика,п. Саров (Морд.),+7 (549) 995-2438,,58.0,,42.0,45.0,
Елизавета Ивановна Дроздова,2021,Бюджет,7.9,303.3,Философия,ст. Красноселькуп,88458624786,,,53.0,,81.0,90.0
Исакова Мария Тимуровна,2021,Бюджет,5.9,252.6,Психология,клх Андреаполь,8 765 059 6572,68.0,,61.0,65.0,,
Алевтина Ивановна Блинова,2023,Бюджет,8.3,303.6,Международные отношения,клх Арсеньев,80575590188,,80.0,59.0,,,82.0
Рюрик Эдуардович Евдокимов,2021,Целевое,7.4,284.1,История,ст. Снежногорск (Мурм.),8 (857) 357-06-75,70.0,64.0,76.0,,,
Элеонора Валериевна Абрамова,2023,Платка,7.4,285.9,Прикладная математика,ст. Дагомыс,+7 (266) 157-2505,,64.0,72.0,,,76.0
Фаина Юльевна Шилова,2021,Бюджет,6.7,346.9,Философия,клх Щельяюр,8 (182) 637-0136,,100.0,92.0,,,88.0
Некрасов Владилен Гаврилович,2020,Целевое,8.5,300.6,Международные отношения,ст. Мурманск,+7 (355) 394-21-68,69.0,64.0,,,,83.0
Артемьев Гедеон Зиновьевич,2022,Платка,6.5,288.3,Кибербезопасность,к. Малая Вишера,8 355 288 83 29,,74.0,,72.0,,77.0
Эмилия Романовна Мясникова,2023,Бюджет,6.7,353.7,Психология,ст. Шилка,+7 (464) 253-8760,,97.0,90.0,,100.0,
тов. Маркова Виктория Мироновна,2019,Целевое,8.6,323.2,История,к. Урай,8 660 426 4757,66.0,,,80.0,91.0,
Панова Милица Тарасовна,2023,Платка,8.0,339.7,Информатика,г. Выборг,82683095891,,,100.0,82.0,78.0,
Ковалева Агата Дмитриевна,2021,Целевое,6.3,267.8,Философия,г. Новая Игирма,8 (748) 178-3158,,,64.0,,74.0,67.0
Артемьева Варвара Богдановна,2022,Бюджет,7.2,343.2,Международные отношения,с. Южно-Сахалинск,87376915393,,83.0,88.0,,100.0,
Прокл Герасимович Щербаков,2023,Целевое,6.3,334.1,Информатика,г. Камышлов,+7 506 053 90 45,,92.0,,100.0,,79.0
Юлий Ермолаевич Матвеев,2019,Целевое,8.8,268.6,Информатика,клх Тверь,8 (707) 876-7006,48.0,,70.0,,63.0,
Наина Олеговна Горбачева,2020,Платка,7.0,308.6,Международные отношения,п. Новочеркасск,+7 086 877 1158,75.0,,73.0,,91.0,
Евфросиния Ждановна Михеева,2021,Бюджет,7.1,277.3,Прикладная информатика,с. Волгоград,8 (524) 967-16-04,71.0,,80.0,,,55.0
Федоров Мирон Исидорович,2021,Платка,9.1,338.7,Информатика,с. Ульяновск,8 819 310 7403,64.0,,84.0,100.0,,
Симонова Виктория Богдановна,2021,Платка,7.0,314.4,Прикладная математика,д. Приозерск,8 603 828 9162,71.0,,,94.0,,79.0
Юлий Трофимович Капустин,2021,Бюджет,9.0,293.8,Психология,г. Шелагонцы,+7 191 405 8594,79.0,59.0,,,66.0,
Прокофий Ефимович Блохин,2023,Целевое,7.6,275.9,Радиофизика,д. Руза,+7 351 991 19 19,,,71.0,,68.0,61.0
Тимофей Вилорович Шашков,2021,Целевое,7.4,252.2,Радиофизика,с. Семлячики,8 121 423 39 29,43.0,60.0,,75.0,,
Ларионов Касьян Гаврилович,2020,Целевое,7.8,323.8,Международные отношения,п. Хоста,+7 (538) 203-32-70,,89.0,,,85.0,72.0
Ирина Викторовна Корнилова,2022,Целевое,9.5,356.6,Международные отношения,ст. Луховицы,+79893948041,,,77.0,85.0,100.0,
Влас Ефимьевич Елисеев,2020,Бюджет,6.3,248.5,Лечебное дело,д. Вязьма,+7 (905) 401-62-10,,76.0,,63.0,47.0,
Азарий Тарасович Никитин,2020,Бюджет,7.9,290.7,Лечебное дело,г. Томпа,8 012 549 1699,,87.0,61.0,64.0,,
Суворов Иосиф Изотович,2022,Платка,9.5,283.9,Международные отношения,д. Сухиничи,8 (240) 796-14-69,60.0,,,77.0,,52.0
Нинель Васильевна Цветкова,2022,Бюджет,7.4,321.7,Прикладная математика,к. Карпинск,8 (381) 341-0183,,,91.0,,72.0,85.0
Елизавета Рубеновна Копылова,2020,Бюджет,7.5,292.1,Кибербезопасность,к. Троицк (Челяб.),+7 (958) 122-66-39,75.0,,73.0,,69.0,
Любовь Михайловна Карпова,2023,Бюджет,5.7,355.8,Кибербезопасность,д. Двинской,8 (315) 033-8620,,,99.0,100.0,100.0,
Кириллов Ананий Фролович,2021,Бюджет,7.8,187.9,Психология,к. Салехард,8 623 413 60 35,,,,29.0,48.0,33.0
Тамара Оскаровна Романова,2019,Бюджет,8.7,318.9,Международные отношения,п. Магадан,89846961418,71.0,,,,81.0,80.0
Иванна Святославовна Королева,2020,Бюджет,7.6,290.0,История,ст. Химки,89500930766,,,62.0,,78.0,74.0
Ангелина Захаровна Козлова,2020,Целевое,7.0,267.8,Кибербезопасность,клх Камышлов,+78647949056,76.0,53.0,,,69.0,
Куликова Светлана Архиповна,2021,Платка,6.6,326.5,Лечебное дело,д. Балтийск,+7 (180) 347-62-35,83.0,,,95.0,82.0,
Лобанов Радован Даниилович,2022,Платка,7.3,214.9,Лечебное дело,г. Шамары,+7 507 280 3880,,,51.0,48.0,43.0,
Ратмир Давыдович Савин,2023,Целевое,7.1,353.9,История,г. Переславль-Залесский,8 084 541 99 73,95.0,,100.0,,,88.0
Варлаам Всеволодович Смирнов,2019,Бюджет,6.9,283.3,Информатика,с. Ярославль,+7 (066) 380-41-43,,,,80.0,65.0,69.0
Анастасия Васильевна Михеева,2023,Бюджет,7.4,329.2,История,г. Мостовской,8 011 437 5345,,,79.0,100.0,,76.0
Егоров Ананий Владленович,2023,Бюджет,4.6,305.4,Философия,с. Юрьев-Польский,8 751 799 26 52,94.0,,,,69.0,96.0
Панфил Адамович Третьяков,2019,Целевое,8.2,244.9,Международные отношения,д. Руза,+7 (135) 973-36-27,,,32.0,,85.0,46.0
Архипова Марина Кирилловна,2022,Платка,7.6,292.3,Радиофизика,к. Невельск,+7 (540) 456-99-79,69.0,,,79.0,68.0,
Лора Юрьевна Савельева,2020,Платка,6.1,216.5,Психология,с. Вологда,81575825314,,,34.0,54.0,,67.0
Ювеналий Федосьевич Тихонов,2023,Целевое,7.6,288.5,Прикладная математика,к. Токма,+7 (246) 423-3386,,82.0,63.0,,,68.0
Лаврентьева Оксана Петровна,2019,Целевое,5.3,313.4,Радиофизика,г. Елатьма,8 (458) 525-20-82,81.0,,,83.0,96.0,
Епифан Александрович Савельев,2020,Целевое,5.9,185.5,Прикладная информатика,клх Энгельс,+7 (893) 924-95-93,47.0,44.0,,,,36.0
Максимов Мирон Евстигнеевич,2020,Платка,7.5,350.1,Психология,с. Тотьма,+72677394191,100.0,82.0,,,93.0,
Самсонова Александра Робертовна,2023,Платка,5.6,230.2,Радиофизика,ст. Бугульма,+78481668591,59.0,48.0,,,67.0,
Попова Ольга Геннадьевна,2020,Платка,7.4,260.1,Кибербезопасность,п. Печора,+7 (539) 447-68-20,50.0,,,,68.0,68.0
Макарова Тамара Михайловна,2021,Целевое,7.5,233.3,Психология,с. Курумкан,84981892280,,53.0,,,65.0,40.0
Князева Пелагея Борисовна,2023,Платка,7.4,273.3,Прикладная информатика,д. Новомичуринск,+7 (629) 528-02-92,56.0,,67.0,,,76.0
Субботина Агафья Васильевна,2020,Платка,7.8,334.8,Лечебное дело,к. Александровск,+75938978275,90.0,,90.0,77.0,,
Шубин Кузьма Андреевич,2023,Платка,6.4,349.3,Кибербезопасность,ст. Армавир,87443519000,,85.0,,100.0,100.0,
Кудряшов Аполлон Федотович,2022,Целевое,7.4,350.3,Международные отношения,д. Колпашево,8 (596) 623-88-92,100.0,,88.0,88.0,,
Фирс Матвеевич Субботин,2023,Платка,8.6,328.2,Лечебное дело,п. Невельск,+7 (780) 964-4807,65.0,89.0,,88.0,,
Потапов Аникей Антонович,2021,Бюджет,5.1,245.7,Радиофизика,д. Омск,+7 648 589 3584,,,,68.0,66.0,61.0
г-жа Давыдова Фаина Кирилловна,2023,Целевое,7.9,302.4,Кибербезопасность,ст. Дагомыс,8 (237) 481-80-83,,66.0,,87.0,70.0,
Дмитрий Иларионович Якушев,2022,Платка,6.6,357.7,Лечебное дело,к. Алагир,+7 854 455 81 18,,100.0,100.0,92.0,,
Любовь Юрьевна Шарапова,2019,Целевое,8.2,337.3,История,г. Череповец,8 411 474 86 80,84.0,,88.0,,83.0,
Валентина Степановна Гуляева,2020,Целевое,8.9,325.5,Прикладная математика,д. Лотошино,+7 489 724 62 77,,64.0,85.0,87.0,,
Щукин Нифонт Артёмович,2020,Бюджет,6.5,192.5,Радиофизика,ст. Шамары,8 (405) 635-7601,39.0,38.0,,,,50.0
Виноградова Евгения Кирилловна,2022,Целевое,5.9,269.3,Прикладная информатика,д. Чехов,+7 192 037 0593,,,63.0,88.0,59.0,
Антонина Архиповна Журавлева,2019,Целевое,6.9,223.4,Философия,п. Смирных,+7 523 313 86 43,52.0,39.0,,,63.0,
Капитон Филиппович Шарапов,2021,Бюджет,7.0,299.1,Радиофизика,п. Ревда (Сверд.),8 (606) 159-60-19,,,94.0,,57.0,78.0
Николаева Алина Эдуардовна,2023,Бюджет,7.1,346.0,Информатика,к. Курчатов,8 125 056 20 51,,81.0,100.0,,,94.0
Маслова Виктория Матвеевна,2019,Целевое,6.6,282.8,Философия,к. Сорочинск,8 (311) 488-06-93,,58.0,,68.0,91.0,
Святополк Эдгарович Кулаков,2019,Целевое,7.0,349.2,Международные отношения,с. Малгобек,+73145434082,100.0,79.0,,,100.0,
Лихачева Алевтина Ждановна,2022,Целевое,8.1,335.7,Международные отношения,к. Нальчик,8 (958) 021-7860,,88.0,93.0,,,74.0
Шестаков Демьян Геннадиевич,2022,Целевое,7.1,244.2,Психология,г. Рубцовск,8 013 831 64 87,53.0,,,49.0,,71.0
Потапова Вероника Кузьминична,2019,Платка,6.7,361.2,Философия,с. Каменск-Шахтинский,8 283 712 8855,94.0,,100.0,,100.0,
София Мироновна Герасимова,2022,Платка,6.8,288.3,Психология,клх Бронницы,+7 769 413 2927,68.0,,,67.0,85.0,
Алевтина Филипповна Самойлова,2020,Платка,8.0,194.9,Прикладная информатика,клх Малгобек,8 (629) 102-9641,,24.0,,53.0,,38.0
Жуков Панфил Эдгардович,2023,Бюджет,8.3,377.2,Лечебное дело,г. Ишим,+76776853843,,100.0,,,94.0,100.0
Гущина Варвара Ильинична,2023,Платка,6.8,326.8,Лечебное дело,п. Радужный,8 794 720 8321,85.0,,74.0,,,100.0
Степанова Варвара Тимуровна,2020,Целевое,7.8,371.7,Лечебное дело,клх Кострома,+7 (082) 654-8043,96.0,100.0,98.0,,,
Сафонов Измаил Гертрудович,2020,Бюджет,8.7,215.9,Прикладная информатика,ст. Славянск-на-Кубани,8 889 564 44 05,,34.0,55.0,,40.0,
Лапин Кир Аксёнович,2019,Бюджет,6.6,314.7,Информатика,клх Майкоп,+7 598 451 9869,55.0,,,94.0,,100.0
Мишин Александр Архипович,2019,Платка,6.8,302.7,Международные отношения,к. Глазов,8 (351) 407-95-36,84.0,74.0,,,77.0,
Афанасьев Савва Якубович,2023,Платка,8.2,292.0,Радиофизика,г. Саянск,8 242 711 45 14,,73.0,72.0,,,65.0
Радим Гаврилович Беляков,2020,Целевое,8.5,328.1,Международные отношения,клх Красноселькуп,+7 (273) 181-6681,,,87.0,82.0,,74.0
Лебедева Раиса Харитоновна,2023,Бюджет,8.6,249.3,Кибербезопасность,клх Пышма,89019141894,,47.0,,,48.0,68.0
Лариса Валентиновна Мартынова,2022,Бюджет,7.3,343.5,Философия,к. Тамбей,+7 (238) 933-0677,100.0,,,,84.0,86.0
г-н Васильев Куприян Адрианович,2019,Бюджет,8.6,342.5,История,д. Любань,84161339046,91.0,,78.0,,,88.0
Воронцова Агата Вячеславовна,2019,Платка,7.7,219.4,Кибербезопасность,клх Малгобек,+7 (387) 157-87-57,34.0,59.0,,,49.0,
Козлова Маргарита Альбертовна,2023,Платка,4.8,287.4,История,д. Токма,+7 (699) 520-8738,,67.0,89.0,,,83.0
Семенова Алевтина Руслановна,2021,Платка,6.4,347.2,Лечебное дело,клх Ржев,+7 796 137 7986,,,83.0,,100.0,100.0
Колобова Лукия Александровна,2022,Целевое,6.9,249.2,Психология,к. Торжок,8 (552) 702-19-64,58.0,62.0,,,,60.0
Мария Оскаровна Медведева,2022,Бюджет,6.8,196.4,Прикладная информатика,к. Голицыно,+7 (679) 313-20-76,43.0,,59.0,,26.0,
Ермил Юльевич Селиверстов,2021,Бюджет,8.1,351.0,Лечебное дело,к. Каспийск,+78903597615,81.0,,,,96.0,93.0
Януарий Жоресович Коновалов,2020,Целевое,5.2,239.8,Кибербезопасность,с. Тобольск,+7 (966) 836-7998,,,61.0,70.0,,57.0
Ия Матвеевна Жданова,2022,Платка,9.3,294.0,Международные отношения,к. Печора,8 970 402 3319,,69.0,55.0,,77.0,
Маргарита Оскаровна Сазонова,2021,Платка,9.0,308.2,Радиофизика,клх Морозовск,8 584 339 3243,78.0,,,79.0,61.0,
Кира Игоревна Кузнецова,2019,Целевое,8.3,270.9,Психология,д. Городовиковск,8 (729) 080-20-70,66.0,,62.0,60.0,,
Осипова Жанна Васильевна,2022,Целевое,6.8,368.0,Психология,к. Междуреченский,+7 (685) 763-33-12,,100.0,,100.0,,100.0
Харитонов Доброслав Феодосьевич,2021,Платка,8.0,279.6,Философия,ст. Мончегорск,8 (377) 879-35-48,68.0,57.0,,,75.0,
Феврония Харитоновна Артемьева,2019,Платка,8.5,339.1,История,клх Кострома,+7 (327) 026-8152,,87.0,80.0,87.0,,
Всеслав Жоресович Самсонов,2023,Целевое,8.8,347.6,Психология,г. Касимов,89764255565,89.0,,71.0,,100.0,
Горбунов Тимур Августович,2021,Платка,7.5,262.6,Международные отношения,с. Тамбов,+7 336 728 31 71,68.0,,,,59.0,61.0
Светлана Николаевна Орлова,2019,Платка,7.5,219.0,Кибербезопасность,к. Таштагол,8 142 058 01 03,,40.0,,,50.0,54.0
Алла Геннадьевна Гусева,2020,Целевое,8.5,298.3,Прикладная информатика,ст. Подольск,+7 408 720 10 01,,68.0,,,73.0,72.0
Субботин Евсей Дмитриевич,2019,Бюджет,6.1,328.7,Философия,д. Лабытнанги,+7 153 338 7997,81.0,87.0,100.0,,,
Зуева Ия Егоровна,2021,Целевое,7.2,234.4,Психология,д. Муром,8 856 899 6082,,46.0,,,53.0,63.0
Фомичева Анжела Вячеславовна,2022,Платка,7.4,334.2,Радиофизика,с. Ахтубинск,+7 (421) 149-5860,88.0,,,,84.0,88.0
Екатерина Георгиевна Ситникова,2020,Бюджет,7.3,238.9,Психология,д. Горячий Ключ,+7 (266) 313-19-78,,,48.0,64.0,54.0,
Надежда Валериевна Алексеева,2019,Бюджет,6.4,254.2,Прикладная информатика,клх Александровск-Сахалинский,80688098099,,,60.0,71.0,,59.0
Гаврила Теймуразович Михайлов,2019,Платка,8.9,322.2,Радиофизика,к. Пятигорск,+7 (763) 168-2955,83.0,,,77.0,73.0,
Евфросиния Валентиновна Галкина,2023,Бюджет,6.8,361.4,Прикладная информатика,с. Казань,+7 728 203 40 46,,100.0,100.0,93.0,,
Евдокия Ивановна Рожкова,2022,Платка,8.4,332.9,Международные отношения,к. Теберда,8 327 191 4184,93.0,69.0,87.0,,,
Федоров Радован Григорьевич,2020,Бюджет,8.4,287.2,Прикладная математика,г. Черняховск,+7 (961) 007-4602,,,67.0,72.0,64.0,
Ираклий Александрович Пономарев,2021,Платка,7.9,248.4,Информатика,д. Грозный,+7 (288) 312-6363,40.0,52.0,,,,77.0
Анна Матвеевна Сазонова,2022,Бюджет,7.2,352.2,История,с. Жигулевск,+7 862 767 6541,93.0,,88.0,,99.0,
Мишин Остап Даниилович,2023,Платка,7.4,363.0,Информатика,клх Яшкуль,+7 492 414 9497,100.0,,,,100.0,89.0
Венедикт Бориславович Кулаков,2023,Платка,8.3,298.9,Прикладная информатика,клх Видное,+7 240 865 5134,,63.0,76.0,,,77.0
Медведев Тихон Феодосьевич,2022,Платка,8.5,273.5,Кибербезопасность,д. Усть-Кут,+7 (707) 034-88-50,62.0,77.0,,,,50.0
Беляев Ираклий Артемьевич,2021,Бюджет,7.5,290.2,Философия,с. Нарым,86405069405,,,79.0,73.0,63.0,
Козлов Данила Авдеевич,2021,Платка,6.6,272.0,Международные отношения,д. Каргополь,87795845662,,,,73.0,74.0,59.0
Захарова Таисия Леоновна,2021,Бюджет,8.5,304.0,Прикладная математика,к. Курильск,+7 619 740 8288,,88.0,73.0,,,58.0
Евфросиния Петровна Родионова,2023,Платка,7.3,327.7,Радиофизика,с. Камышлов,+79399646867,,,86.0,,88.0,81.0
Афанасьев Василий Харлампьевич,2020,Бюджет,6.2,347.0,Лечебное дело,п. Златоуст,8 709 054 5478,100.0,,,,85.0,100.0
Мария Александровна Герасимова,2021,Бюджет,7.5,253.9,Психология,д. Соликамск,8 701 224 52 47,,43.0,70.0,,,66.0
Данилов Феофан Дмитриевич,2023,Платка,9.1,363.7,Кибербезопасность,д. Колпашево,8 (708) 116-61-75,,,100.0,96.0,,77.0
Гришин Евлампий Егорович,2020,Платка,6.2,315.9,Психология,г. Видное,8 (071) 918-0265,,,,78.0,91.0,85.0
Вишнякова Виктория Федоровна,2023,Платка,6.5,314.9,Кибербезопасность,ст. Яхрома,8 221 672 2191,,79.0,78.0,93.0,,
Яковлев Доброслав Трифонович,2019,Целевое,7.6,283.7,Психология,клх Каменск-Уральский,8 216 480 9928,73.0,,85.0,50.0,,
Корнилов Захар Ефимьевич,2021,Бюджет,7.4,274.7,Лечебное дело,ст. Курчатов,+7 (428) 696-0510,80.0,,,69.0,,52.0
Адриан Жоресович Гусев,2019,Бюджет,7.9,283.3,Философия,г. Моршанск,+7 (109) 982-2336,,,70.0,80.0,,54.0
Доронина Эмилия Николаевна,2022,Платка,8.0,355.1,Прикладная математика,ст. Камень-на-Оби,8 213 137 6020,100.0,87.0,,,,88.0
Петухова Раиса Вадимовна,2021,Бюджет,6.7,249.8,Радиофизика,с. Воскресенск,8 (206) 431-4164,,59.0,60.0,64.0,,
София Никифоровна Дорофеева,2019,Целевое,4.1,102.0,Психология,д. Щелково,+7 903 362 4998,,,14.0,,16.0,31.0
Суханова Надежда Юльевна,2022,Бюджет,8.3,356.6,Международные отношения,с. Воркута,+7 (207) 033-90-73,,,85.0,89.0,,100.0
Галина Львовна Жукова,2020,Целевое,7.2,346.2,Прикладная информатика,п. Благовещенск (Амур.),8 081 447 22 21,,,100.0,94.0,,80.0
Евстафий Артурович Мясников,2023,Целевое,8.3,327.4,Психология,п. Далматово,+7 352 399 5175,,,80.0,,90.0,74.0
Анжелика Ефимовна Морозова,2021,Бюджет,6.5,361.4,Психология,п. Цимлянск,85682067870,100.0,,,96.0,100.0,
Рябов Рюрик Вячеславович,2022,Целевое,8.4,371.6,Прикладная математика,с. Чебаркуль,+7 121 410 66 57,93.0,95.0,100.0,,,
Фёкла Болеславовна Константинова,2020,Бюджет,7.5,293.4,Прикладная математика,ст. Пятигорск,8 (786) 023-0752,,61.0,71.0,,,86.0
Аверьян Арсеньевич Большаков,2020,Платка,8.5,318.9,Лечебное дело,п. Торжок,+7 570 583 7676,,,,86.0,65.0,83.0
Григорий Иосифович Фадеев,2019,Бюджет,7.8,280.0,Философия,клх Югорск,8 (543) 850-2783,,,64.0,,72.0,66.0
Лидия Дмитриевна Кулагина,2019,Бюджет,6.3,262.6,История,д. Калач-на-Дону,85984156557,,,60.0,59.0,,81.0
Пестов Евгений Гордеевич,2021,Целевое,6.9,300.2,Кибербезопасность,с. Раменское,+7 (932) 127-4144,74.0,69.0,,88.0,,
Шилов Филарет Харлампович,2023,Бюджет,7.3,327.7,Философия,к. Чикола,8 383 242 63 55,90.0,,79.0,,,86.0
Тетерин Тит Августович,2023,Целевое,6.9,320.4,Прикладная математика,с. Арсеньев,84158419100,,80.0,84.0,,,87.0
Абрамов Касьян Чеславович,2022,Платка,8.2,268.9,Прикладная математика,г. Иркутск,+7 (491) 880-5323,46.0,66.0,75.0,,,
Кириллова Синклитикия Даниловна,2022,Целевое,7.5,314.5,Информатика,ст. Инта,+7 (670) 581-63-76,,83.0,,,69.0,88.0
Никонова Милица Евгеньевна,2022,Бюджет,7.6,298.0,Философия,с. Белорецк,+7 781 757 72 68,,70.0,70.0,,82.0,
Алла Анатольевна Тихонова,2022,Платка,7.6,352.3,Прикладная информатика,с. Томск,+7 175 746 83 24,87.0,,90.0,,99.0,
Смирнова Алла Федоровна,2023,Бюджет,7.4,355.0,Информатика,клх Гагарин,+7 (991) 154-24-19,,93.0,,,90.0,98.0
Семенова Екатерина Ниловна,2021,Платка,7.5,178.2,Кибербезопасность,клх Голицыно,8 (548) 363-9783,,,,40.0,21.0,42.0
Мясникова София Рубеновна,2019,Целевое,7.8,236.5,Философия,клх Кострома,+7 478 565 5266,,51.0,56.0,,51.0,
г-жа Суханова Лора Филипповна,2019,Целевое,8.3,321.4,Информатика,клх Ведено,+7 (433) 638-78-54,,,78.0,,76.0,84.0
Соловьев Лонгин Еремеевич,2022,Целевое,9.4,362.3,Философия,с. Тихорецк,+74236175790,,87.0,88.0,,93.0,
Нонна Яковлевна Белякова,2022,Целевое,7.6,284.2,Информатика,клх Сеймчан,8 (862) 919-0651,,73.0,,72.0,63.0,
Алла Наумовна Чернова,2019,Бюджет,6.9,317.6,Лечебное дело,к. Люберцы,8 012 719 1946,84.0,,83.0,82.0,,
Ульян Бориславович Прохоров,2019,Платка,8.4,311.7,История,п. Северо-Курильск,8 (327) 632-78-40,,,59.0,87.0,82.0,
Гордеева Александра Викторовна,2022,Целевое,6.3,249.1,Прикладная математика,д. Бологое,+7 827 427 75 57,,60.0,,,63.0,63.0
Крюков Арефий Арсеньевич,2021,Бюджет,8.5,312.6,Лечебное дело,г. Гагарин,8 (566) 933-07-04,88.0,,,75.0,65.0,
Мария Альбертовна Зуева,2022,Бюджет,4.7,283.2,Информатика,к. Богучар,8 918 286 08 65,,76.0,,94.0,,66.0
Милий Владиленович Тихонов,2022,Платка,4.0,303.0,Информатика,г. Валаам,+7 (332) 907-7401,87.0,76.0,,100.0,,
Шарова Таисия Альбертовна,2019,Целевое,10.0,313.0,Лечебное дело,п. Ростов-на-Дону,8 (304) 280-0235,64.0,72.0,,77.0,,
Лыткин Кузьма Анисимович,2023,Бюджет,7.3,283.0,Лечебное дело,г. Инта,8 (285) 744-7305,,,66.0,80.0,,64.0
Дементьева Вера Михайловна,2020,Целевое,7.3,281.2,Информатика,ст. Раменское,+7 (338) 727-79-43,64.0,,74.0,,70.0,
Пахомов Кир Данилович,2023,Платка,8.4,233.9,Международные отношения,г. Урай,8 187 345 43 93,73.0,38.0,,39.0,,
Таисия Тимуровна Куликова,2022,Бюджет,7.2,307.8,Информатика,ст. Кыштым,+7 (658) 988-5525,69.0,,91.0,,,76.0
Игнатий Геннадиевич Быков,2021,Целевое,7.0,242.0,Философия,с. Кемерово,+7 126 421 86 17,,,42.0,,66.0,64.0
Григорий Захарьевич Костин,2021,Целевое,7.9,312.7,Радиофизика,к. Карачаевск,+7 (484) 896-0807,91.0,66.0,,,,77.0
Леон Марсович Морозов,2021,Целевое,7.2,306.6,Радиофизика,г. Ишим,8 147 315 3515,76.0,,98.0,,61.0,
Титов Харлампий Геннадиевич,2023,Целевое,7.4,299.2,Международные отношения,п. Дмитров,+7 573 070 3980,77.0,73.0,,,,75.0
Князев Борис Тимурович,2022,Бюджет,6.2,327.4,История,г. Кировск (Ленин.),+7 768 607 2748,90.0,88.0,,87.0,,
Елизавета Леоновна Тарасова,2019,Целевое,5.2,300.1,Психология,п. Уэлен,+70078228234,,88.0,71.0,89.0,,
Елисей Бенедиктович Моисеев,2020,Бюджет,6.7,298.2,Информатика,клх Бодайбо,+7 (108) 638-00-61,86.0,68.0,,77.0,,
Адам Харлампович Романов,2023,Целевое,8.9,299.0,Прикладная информатика,д. Белоярский,84411884073,72.0,,72.0,,66.0,
Парамон Афанасьевич Андреев,2019,Платка,8.1,290.8,Психология,ст. Аргаяш,8 (788) 229-13-05,,56.0,72.0,,82.0,
тов. Зиновьев Феоктист Ильич,2021,Целевое,8.9,232.2,Психология,клх Подольск,80730427094,47.0,36.0,60.0,,,
Лыткина Кира Яковлевна,2019,Целевое,7.3,373.3,Прикладная информатика,к. Агата,8 576 875 25 18,,,100.0,,100.0,100.0
Сорокин Устин Бенедиктович,2021,Платка,7.4,244.1,История,д. Калининград,+7 (311) 133-2460,,,58.0,53.0,,59.0
Филатов Пахом Давыдович,2021,Бюджет,6.9,216.7,Прикладная информатика,д. Котельнич,+75911161405,50.0,,,,48.0,50.0
Марина Владимировна Дмитриева,2019,Платка,6.8,367.7,Прикладная информатика,ст. Токсово,+7 661 763 9054,,100.0,,,100.0,100.0
Юлия Олеговна Кузьмина,2020,Целевое,8.7,249.6,Радиофизика,с. Троицко-Печорск,8 (350) 627-96-08,43.0,,,59.0,61.0,
Зыков Адам Измаилович,2019,Платка,8.3,357.6,Информатика,г. Кузнецк,8 785 012 52 64,,89.0,,88.0,98.0,
Панова Юлия Семеновна,2023,Бюджет,8.3,312.6,Кибербезопасность,д. Саров (Морд.),8 965 449 8686,,63.0,81.0,,86.0,
Арефий Борисович Бобров,2019,Целевое,6.2,239.2,История,ст. Дагомыс,+77916256687,55.0,,,,71.0,51.0
Евсеев Еремей Ермилович,2023,Целевое,8.2,292.2,Психология,к. Магнитогорск,8 (746) 362-4178,,,66.0,60.0,,84.0
Миронов Софон Афанасьевич,2022,Бюджет,8.3,266.7,Международные отношения,г. Ульяновск,+7 919 298 7737,,59.0,59.0,66.0,,
Ипполит Данилович Веселов,2023,Целевое,6.5,335.1,Психология,г. Тулпан,+7 211 170 8253,,,,86.0,90.0,94.0
Панфилов Владилен Фокич,2019,Платка,6.0,275.7,Кибербезопасность,к. Тула,8 209 060 8074,,,71.0,,75.0,70.0
София Никифоровна Меркушева,2022,Целевое,9.1,354.5,История,ст. Махачкала,+7 (714) 802-8807,,,89.0,,100.0,75.0
Агафонов Панфил Всеволодович,2020,Целевое,8.0,380.4,Лечебное дело,клх Сунтар,+7 (899) 476-30-27,100.0,,100.0,,100.0,
Прохоров Викентий Якубович,2019,Платка,7.3,255.3,Прикладная информатика,п. Шаховская,+7 200 567 5458,,64.0,,61.0,,57.0
Всеволод Федосьевич Яковлев,2022,Платка,6.9,339.5,Философия,клх Зеленоград,+7 537 978 62 66,100.0,70.0,100.0,,,
Костин Никита Гордеевич,2021,Целевое,5.8,331.2,Кибербезопасность,с. Хужир,+7 (799) 763-69-44,82.0,91.0,,100.0,,
Вера Тарасовна Кулагина,2021,Целевое,9.6,346.0,Международные отношения,г. Кемерово,8 636 791 81 09,,,75.0,,95.0,80.0
Фортунат Гордеевич Селиверстов,2019,Бюджет,8.0,319.2,Прикладная информатика,г. Медногорск,8 971 116 67 25,81.0,72.0,86.0,,,
Майя Святославовна Рыбакова,2019,Целевое,7.9,338.9,Психология,ст. Белгород,+7 683 897 58 30,,,81.0,86.0,93.0,
Кудряшов Всеволод Демидович,2019,Платка,8.1,245.0,Международные отношения,д. Тында,8 (929) 332-55-07,57.0,48.0,,59.0,,
Нина Степановна Белозерова,2022,Бюджет,6.7,285.1,Лечебное дело,п. Чита,+71069187357,,75.0,69.0,,74.0,
Афанасий Денисович Князев,2023,Целевое,9.2,328.4,История,г. Листвянка (Иркут.),8 (110) 395-5895,,65.0,,,100.0,71.0
Филиппов Софон Устинович,2020,Целевое,5.7,315.3,История,д. Лысьва,8 (785) 013-84-31,100.0,,,84.0,,74.0
Сорокина Татьяна Андреевна,2023,Бюджет,4.8,238.4,Психология,г. Чегем,+7 496 022 1807,,71.0,58.0,61.0,,
Евфросиния Матвеевна Доронина,2020,Целевое,8.2,263.8,Международные отношения,д. Лянтор,+7 (158) 692-1949,,56.0,,52.0,74.0,
Элеонора Сергеевна Овчинникова,2019,Бюджет,10.0,383.0,Прикладная информатика,п. Красная Поляна,+7 631 587 8002,,95.0,,,96.0,92.0
Ким Юлианович Архипов,2019,Платка,6.7,208.1,Радиофизика,г. Каспийск,+71943346583,45.0,,59.0,,,37.0
Дементьев Автоном Марсович,2023,Целевое,6.5,333.8,История,г. Энгельс,8 (566) 684-4446,,100.0,,84.0,,85.0
Клавдия Афанасьевна Федосеева,2023,Бюджет,8.4,279.8,Информатика,клх Сочи,8 933 255 87 62,53.0,,75.0,,,68.0
Нинель Харитоновна Лихачева,2019,Бюджет,7.3,242.3,Философия,д. Бавлы,8 299 327 31 23,,43.0,61.0,,65.0,
Аскольд Игоревич Пестов,2022,Платка,7.6,372.9,Философия,г. Октябрьский (Башк.),8 669 518 50 90,100.0,,100.0,97.0,,
Родион Феофанович Кабанов,2021,Платка,8.0,285.8,Информатика,ст. Белореченск,8 149 999 9588,45.0,86.0,75.0,,,
Святополк Виленович Журавлев,2021,Бюджет,10.0,293.0,Прикладная математика,п. Яшкуль,8 244 551 5302,65.0,71.0,,,,57.0
Иванов Лука Егорович,2023,Платка,7.5,266.2,Радиофизика,д. Кунгур,+70153833651,55.0,72.0,64.0,,,
Котова Маргарита Ниловна,2020,Бюджет,8.4,282.6,Радиофизика,ст. Губкинский,8 (605) 887-78-70,66.0,,73.0,,,60.0
Геннадий Юлианович Блинов,2020,Целевое,8.0,379.6,История,д. Кудымкар,+7 004 771 63 48,,100.0,100.0,,,100.0
Виноградов Виссарион Устинович,2021,Платка,8.5,308.9,Кибербезопасность,п. Нефтеюганск,+7 433 441 88 56,73.0,,87.0,,64.0,
Сорокина Анжелика Кузьминична,2023,Целевое,7.3,346.8,Психология,п. Дзержинск,8 (958) 979-58-55,81.0,,93.0,,100.0,
Рожков Адриан Феоктистович,2023,Бюджет,6.0,340.4,Философия,ст. Ялуторовск,+7 232 258 18 68,,,92.0,,96.0,92.0
Комаров Мирослав Арсенович,2019,Целевое,7.0,243.9,Философия,п. Дербент,+7 119 166 27 35,,,51.0,53.0,70.0,
Кошелев Демьян Абрамович,2020,Целевое,8.4,288.9,Радиофизика,ст. Тамбов,8 (651) 770-72-63,,64.0,,87.0,,54.0
Валентина Афанасьевна Моисеева,2021,Платка,7.8,319.5,Лечебное дело,с. Курск,+7 (457) 455-7153,71.0,100.0,70.0,,,
Фадей Тарасович Сидоров,2019,Бюджет,7.7,221.4,История,с. Меренга,8 (261) 971-4478,,36.0,50.0,58.0,,
Синклитикия Альбертовна Кошелева,2023,Целевое,9.3,342.7,Лечебное дело,к. Буденновск,8 (451) 629-30-85,82.0,,79.0,,89.0,
Горшкова Маргарита Ефимовна,2019,Платка,8.6,261.5,Информатика,клх Камышлов,+7 (260) 408-84-16,,,52.0,68.0,,55.0
Иосиф Ефремович Авдеев,2023,Платка,6.6,366.4,Радиофизика,г. Краснокамск,+7 650 140 2586,100.0,100.0,100.0,,,
Агата Вячеславовна Калашникова,2022,Платка,7.4,213.6,Лечебное дело,ст. Мытищи,8 (904) 949-53-07,34.0,,41.0,,65.0,
тов. Антонов Изот Аверьянович,2019,Платка,7.6,285.8,Лечебное дело,д. Кострома,+7 108 418 9854,,68.0,,73.0,,69.0
Одинцова Фёкла Никифоровна,2020,Бюджет,8.0,348.8,История,с. Ивдель,+7 (043) 454-7525,,,89.0,92.0,,88.0
Евсей Евсеевич Логинов,2022,Целевое,7.6,306.0,Радиофизика,к. Челябинск,8 315 066 55 70,,68.0,83.0,,,79.0
Кулагин Сократ Давыдович,2022,Бюджет,7.3,289.4,Радиофизика,п. Сеймчан,8 (919) 613-50-26,,54.0,,,94.0,68.0
Боян Давидович Суворов,2023,Целевое,8.5,344.8,Информатика,клх Невинномысск,8 (015) 615-82-35,79.0,,,81.0,100.0,
Ширяев Герасим Ааронович,2019,Платка,8.3,241.3,Информатика,с. Киренск,+7 149 994 45 75,,,56.0,58.0,,44.0
Андроник Вилорович Емельянов,2023,Платка,7.6,289.2,Информатика,ст. Челябинск,+75711364965,65.0,,,79.0,,69.0
Ипатий Викентьевич Лебедев,2019,Бюджет,5.6,311.0,Психология,к. Балашов,8 061 810 64 72,,84.0,,,91.0,80.0
Сидоров Карп Феодосьевич,2021,Платка,6.7,295.1,История,ст. Кропоткин (Краснод.),8 250 021 62 23,,67.0,79.0,,,82.0
Измаил Абрамович Абрамов,2019,Целевое,8.6,291.9,Международные отношения,ст. Кулунда,8 (521) 841-7599,,,71.0,,78.0,57.0
Мстислав Валерьянович Щукин,2019,Целевое,7.9,311.9,История,ст. Соболево,+7 642 609 34 60,,,79.0,69.0,85.0,
Трифон Марсович Агафонов,2023,Бюджет,6.5,364.6,Международные отношения,д. Соловки,8 144 446 18 29,100.0,100.0,,,,100.0
Куприян Феофанович Филиппов,2019,Бюджет,6.1,299.4,Международные отношения,г. Каменск-Уральский,+7 (107) 849-9232,,,67.0,,100.0,71.0
Ольга Ильинична Семенова,2019,Платка,8.5,304.5,Прикладная информатика,клх Нефтеюганск,8 (990) 118-23-67,,53.0,81.0,86.0,,
Ефремов Кондратий Эдуардович,2019,Целевое,6.1,311.5,Информатика,ст. Брянск,+7 (246) 342-5161,,83.0,,88.0,,79.0
Титов Савва Августович,2022,Целевое,8.2,309.6,Радиофизика,ст. Дагомыс,+72592049701,76.0,,85.0,,67.0,
тов. Уварова Таисия Владимировна,2023,Платка,7.5,353.2,История,п. Беслан,+7 506 261 22 27,,100.0,86.0,92.0,,
Копылова Варвара Григорьевна,2020,Бюджет,8.7,333.5,Радиофизика,с. Углич,+7 238 053 15 16,73.0,,85.0,88.0,,
Шестаков Никодим Адамович,2021,Платка,9.6,216.8,Кибербезопасность,с. Абинск,8 (797) 830-2668,40.0,35.0,,,,46.0
Цветкова Надежда Рудольфовна,2019,Бюджет,5.3,252.8,Прикладная математика,с. Орск,+7 (972) 801-48-36,,54.0,68.0,78.0,,
Азарий Юлианович Шилов,2022,Платка,8.6,307.1,История,ст. Чулым,+7 (877) 165-34-66,,,,61.0,81.0,79.0
Борислав Фёдорович Васильев,2022,Бюджет,10.0,327.0,Международные отношения,к. Суздаль,8 615 943 8382,,,65.0,,84.0,78.0
Шубин Никодим Германович,2022,Платка,7.6,336.7,Лечебное дело,д. Владикавказ,8 622 812 55 79,78.0,,,100.0,83.0,
Светозар Бориславович Некрасов,2023,Платка,7.9,315.3,Прикладная математика,г. Курильск,8 853 467 2081,77.0,,91.0,,68.0,
Казимир Демьянович Рожков,2020,Бюджет,6.1,302.6,Кибербезопасность,д. Тотьма,8 (607) 315-4128,74.0,74.0,,94.0,,
Муравьев Клавдий Бориславович,2019,Целевое,10.0,387.0,Философия,г. Зеленогорск (Ленин.),8 (600) 624-47-32,100.0,87.0,,,100.0,
Вячеслав Исидорович Русаков,2019,Бюджет,8.6,272.5,Кибербезопасность,клх Алапаевск,8 956 682 76 93,,,67.0,61.0,,58.0
Кирилл Аксёнович Бобров,2021,Целевое,7.9,376.7,Международные отношения,п. Дудинка,+7 725 004 04 54,100.0,,98.0,,100.0,
Корнилов Измаил Феоктистович,2023,Платка,8.5,380.1,Философия,к. Саянск,8 (007) 284-41-28,100.0,100.0,,95.0,,
Александр Данилович Хохлов,2021,Платка,8.7,316.7,Психология,п. Партизанск,+7 (109) 656-97-47,87.0,,,64.0,,79.0
Милан Гертрудович Шубин,2022,Бюджет,8.0,304.1,Информатика,клх Норильск,+7 (856) 766-83-42,,60.0,,81.0,83.0,
Филарет Жоресович Ширяев,2022,Целевое,6.5,243.2,Прикладная информатика,с. Архангельск,8 062 790 7540,56.0,,64.0,58.0,,
Тамара Эдуардовна Ершова,2023,Целевое,9.9,274.3,Международные отношения,с. Наро-Фоминск,+7 (987) 952-8120,66.0,,,44.0,65.0,
Лидия Болеславовна Козлова,2023,Целевое,8.9,376.3,Психология,г. Цимлянск,+7 007 081 0736,100.0,88.0,,,,99.0
Лыткин Спиридон Дмитриевич,2023,Целевое,8.4,286.7,История,п. Тула,8 638 330 6241,,60.0,52.0,,91.0,
Якушева Любовь Анатольевна,2023,Платка,7.0,355.1,Кибербезопасность,с. Сургут (Хант.),+7 (106) 994-49-20,100.0,,,,100.0,85.0
Лора Даниловна Суворова,2023,Бюджет,7.6,316.9,Прикладная математика,п. Онега,87756859221,75.0,77.0,89.0,,,
Ираида Анатольевна Дорофеева,2019,Бюджет,9.4,296.4,История,с. Уварово,8 208 936 27 33,,,66.0,70.0,,66.0
Блинов Никодим Анисимович,2022,Платка,8.6,338.9,Информатика,клх Лесной (Сверд.),8 538 062 17 99,,95.0,,82.0,76.0,
Буров Вацлав Зиновьевич,2020,Бюджет,9.1,356.9,Психология,с. Байкальск,+7 711 963 80 07,100.0,86.0,80.0,,,
Воронов Мстислав Трифонович,2019,Платка,7.8,295.3,Прикладная математика,п. Певек,+7 (171) 579-99-01,74.0,68.0,,,75.0,
Аггей Анисимович Кабанов,2019,Целевое,7.2,291.9,История,ст. Карабудахкент,+7 (660) 551-89-48,85.0,63.0,,,,72.0
Яковлева Зинаида Яковлевна,2023,Бюджет,6.3,334.3,Философия,д. Поронайск,+79665890810,93.0,86.0,92.0,,,
Остап Арсенович Романов,2022,Платка,6.7,307.1,Кибербезопасность,п. Старая Русса,+7 (433) 387-6471,,,71.0,96.0,,73.0
Ершова Майя Кузьминична,2022,Целевое,8.1,276.5,Прикладная математика,ст. Баргузин,+7 (437) 680-33-37,,56.0,,,70.0,69.0
Архипова Иванна Вадимовна,2023,Платка,7.7,329.4,Лечебное дело,клх Кетченеры,+74838146290,,100.0,,83.0,69.0,
Родионов Пимен Исидорович,2023,Целевое,5.4,300.0,Кибербезопасность,с. Малгобек,+7 (196) 601-1961,80.0,72.0,,94.0,,
Варвара Михайловна Макарова,2021,Бюджет,6.6,273.7,История,ст. Тайшет,8 638 271 0527,,63.0,77.0,,,68.0
Смирнова Лидия Петровна,2023,Платка,8.4,288.2,Психология,клх Байкальск,8 (001) 984-6252,,,65.0,67.0,72.0,
Галина Георгиевна Карпова,2021,Целевое,7.1,238.0,Прикладная информатика,с. Магнитогорск,+73198828504,,41.0,,74.0,,52.0
Туров Карп Ермолаевич,2022,Бюджет,7.5,347.4,Лечебное дело,п. Приморско-Ахтарск,8 794 628 18 02,81.0,100.0,,,,91.0
Виталий Евстигнеевич Григорьев,2023,Платка,6.9,364.5,Прикладная математика,г. Новгород Великий,+7 (408) 194-56-46,,98.0,98.0,100.0,,
Изяслав Жоресович Русаков,2020,Бюджет,7.2,295.7,Международные отношения,г. Бугуруслан,8 (147) 587-27-11,,,,67.0,88.0,69.0
Князева Анжела Валентиновна,2023,Бюджет,7.3,303.7,Информатика,к. Раменское,+7 144 890 3639,,77.0,86.0,,,68.0
Нестерова Синклитикия Максимовна,2021,Платка,9.4,253.1,Лечебное дело,п. Подольск,80549456438,46.0,,65.0,48.0,,
Туров Лука Бориславович,2019,Платка,8.0,222.2,Прикладная математика,п. Курган,+7 562 305 02 71,,,,62.0,40.0,40.0
Никитина Лидия Дмитриевна,2021,Бюджет,6.8,331.3,Философия,п. Сосногорск,+7 628 732 91 34,100.0,,,91.0,72.0,
Шарапов Рубен Адамович,2022,Бюджет,8.5,300.1,Прикладная математика,клх Бугульма,+7 (345) 825-80-60,,84.0,,73.0,58.0,
Крылов Виталий Игоревич,2023,Платка,4.9,282.9,Лечебное дело,с. Новая Игирма,86950065424,91.0,80.0,63.0,,,
Соломон Антонович Никонов,2020,Платка,5.8,268.1,Международные отношения,д. Апрелевка,8 (876) 966-3927,73.0,63.0,,,74.0,
Рубен Данилович Ларионов,2019,Платка,7.9,322.7,Прикладная информатика,г. Биробиджан,89773919850,89.0,63.0,92.0,,,
Ларионова Пелагея Игоревна,2019,Целевое,6.5,222.8,Лечебное дело,д. Карталы,8 425 884 29 86,57.0,,,53.0,48.0,
Фаина Наумовна Веселова,2023,Платка,8.8,315.4,Кибербезопасность,клх Химки,8 368 223 9697,76.0,89.0,,,62.0,
Синклитикия Захаровна Красильникова,2021,Целевое,6.6,266.5,Психология,с. Красная Поляна,+7 (814) 033-5084,66.0,,60.0,74.0,,
Трофимов Мефодий Богданович,2023,Платка,6.1,303.9,Кибербезопасность,п. Оренбург,8 (862) 788-12-94,,,,93.0,83.0,67.0
Ярослав Абрамович Сорокин,2019,Платка,7.3,288.9,Радиофизика,д. Карабулак,+7 (030) 660-0383,58.0,,,89.0,69.0,
Лавр Изотович Крылов,2019,Бюджет,5.4,303.7,История,г. Эльбрус,8 086 038 6742,89.0,,72.0,,,89.0
Спартак Антипович Кононов,2023,Целевое,8.3,284.3,Психология,д. Яшкуль,+7 (295) 176-4038,69.0,64.0,,,,68.0
Воробьев Леонид Анатольевич,2021,Бюджет,7.4,304.3,Международные отношения,г. Новосибирск,82282965439,74.0,,,68.0,88.0,
Ольга Ефимовна Мельникова,2023,Бюджет,8.4,279.1,Международные отношения,п. Кизилюрт,+7 (827) 562-2654,73.0,,,62.0,,60.0
Зинаида Филипповна Тетерина,2021,Целевое,5.8,288.1,Лечебное дело,г. Мостовской,+7 652 422 1802,57.0,,,,73.0,100.0
Коновалов Феоктист Всеволодович,2020,Бюджет,8.7,288.7,Радиофизика,клх Тамбей,8 (683) 335-30-58,54.0,82.0,,,66.0,
Попов Тимур Викторович,2020,Целевое,7.3,352.6,Международные отношения,клх Железногорск(Курск.),+75194491502,96.0,90.0,,,94.0,
Синклитикия Андреевна Веселова,2022,Бюджет,5.1,294.4,Философия,с. Каргасок,+7 (699) 024-62-75,75.0,,,82.0,,86.0
Харлампий Власович Сорокин,2022,Платка,7.6,319.5,История,г. Элиста,8 447 291 67 56,,78.0,78.0,,87.0,
Федотов Иннокентий Изотович,2023,Бюджет,7.3,368.0,Прикладная информатика,с. Клин,8 369 258 6705,,,,100.0,100.0,95.0
Исидор Эдгарович Фомин,2021,Целевое,8.8,377.2,Информатика,клх Североморск,+7 (506) 058-90-52,96.0,93.0,,100.0,,
Бажен Игоревич Веселов,2022,Платка,4.6,346.4,История,г. Кировск (Ленин.),+7 222 115 11 25,,,100.0,,100.0,100.0
Быков Эрнест Тимурович,2020,Целевое,7.0,325.4,Прикладная информатика,клх Кондопога,82539405994,,,92.0,,76.0,87.0
Александрова Александра Дмитриевна,2021,Бюджет,8.0,310.2,Радиофизика,д. Поярково,+7 975 575 1558,78.0,,,,64.0,88.0
Владилен Анисимович Ермаков,2023,Платка,9.4,247.2,Прикладная информатика,г. Великие Луки,+7 705 542 3426,36.0,,60.0,,57.0,
Всеволод Гаврилович Родионов,2023,Платка,6.9,336.2,Философия,д. Оса,8 (011) 305-9133,,,,93.0,100.0,74.0
Сазонов Давыд Ерофеевич,2023,Бюджет,7.3,321.3,Радиофизика,клх Уварово,+7 076 269 76 87,,88.0,80.0,,,80.0
Галкин Никодим Адамович,2019,Целевое,8.9,330.3,Философия,п. Осташков,8 (233) 725-22-90,,,,79.0,88.0,74.0
Лора Робертовна Зыкова,2022,Целевое,5.7,214.0,Лечебное дело,д. Кашхатау,+7 241 386 48 15,58.0,,,59.0,40.0,
Евсеева Жанна Аркадьевна,2020,Целевое,6.5,260.7,Кибербезопасность,ст. Всеволожск,8 (509) 584-7070,54.0,,62.0,80.0,,
Майя Архиповна Ефремова,2022,Целевое,7.4,309.7,Лечебное дело,клх Серпухов,+71928863289,,93.0,,,65.0,78.0
Цветкова Любовь Павловна,2020,Целевое,7.3,349.1,Радиофизика,клх Меренга,+7 706 619 44 51,100.0,83.0,,,93.0,
Фомин Лукьян Трофимович,2021,Бюджет,8.6,385.4,Кибербезопасность,клх Хасан,8 546 887 1154,,,,100.0,100.0,99.0
Беляев Станислав Германович,2021,Бюджет,7.1,370.6,Прикладная математика,г. Невинномысск,8 346 616 46 18,,100.0,,100.0,100.0,
Любовь Феликсовна Мамонтова,2023,Платка,9.1,283.9,Лечебное дело,клх Магнитогорск,+7 931 270 34 12,48.0,72.0,,73.0,,
Самсон Вячеславович Артемьев,2022,Целевое,7.4,265.2,Радиофизика,г. Рославль,+7 882 496 51 64,,67.0,,,65.0,59.0
Макаров Леонид Григорьевич,2022,Платка,8.4,263.3,Кибербезопасность,п. Яр-Сале,+7 (673) 782-9019,,,61.0,,64.0,54.0
Фомина Варвара Ильинична,2022,Бюджет,7.5,266.4,Философия,клх Когалым,8 312 172 29 04,,,60.0,,64.0,67.0
Лыткина Валентина Игоревна,2022,Бюджет,6.3,349.0,Прикладная математика,д. Терскол,+7 720 408 17 25,,97.0,100.0,,89.0,
Нонна Геннадьевна Зайцева,2019,Целевое,6.3,284.2,Радиофизика,к. Азов (Рост.),8 279 672 1884,,,81.0,74.0,,66.0
Валентина Рудольфовна Лобанова,2020,Бюджет,7.5,198.2,История,г. Чегем,+7 (782) 234-49-32,,,35.0,,44.0,44.0
Исаева Алевтина Николаевна,2022,Целевое,8.9,389.0,Информатика,г. Тулун,+7 (465) 477-03-14,,,100.0,,100.0,100.0
Аникита Фокич Фролов,2022,Платка,9.3,280.5,Радиофизика,г. Дно,8 673 280 73 43,,58.0,52.0,,77.0,
Елизавета Валентиновна Овчинникова,2023,Бюджет,8.8,298.5,Информатика,к. Усть-Ордынский,+7 106 581 73 28,,,81.0,,67.0,62.0
Тимофей Арсенович Веселов,2021,Платка,8.1,224.5,Прикладная математика,с. Рыбинск,87184337837,45.0,48.0,,,51.0,
Титова Фёкла Владиславовна,2019,Целевое,8.0,287.0,История,клх Таштагол,+7 (122) 269-3453,,65.0,,76.0,,66.0
Казаков Мир Вилорович,2022,Целевое,7.5,304.5,Международные отношения,ст. Люберцы,+7 (955) 000-2174,,88.0,75.0,66.0,,
Тимур Изотович Орлов,2023,Бюджет,6.9,354.9,Лечебное дело,к. Черкесск,8 151 219 3742,98.0,,,88.0,100.0,
Белякова Клавдия Геннадьевна,2022,Целевое,7.3,194.2,История,клх Тарко-Сале,8 (237) 298-9972,46.0,41.0,,34.0,,
Елизавета Георгиевна Сазонова,2019,Платка,9.6,278.6,Международные отношения,к. Бреды,8 (854) 464-38-20,,,,55.0,59.0,69.0
Мстислав Аксёнович Кириллов,2023,Платка,7.9,322.4,Философия,г. Старый Оскол,8 023 983 50 21,,86.0,,,89.0,68.0
Кондратьева Дарья Архиповна,2021,Платка,6.6,265.6,История,с. Верхоянск,+7 876 591 2173,,65.0,71.0,64.0,,
Куприян Бенедиктович Комаров,2021,Бюджет,7.8,332.8,История,г. Гдов,+7 (808) 241-68-04,100.0,,81.0,,,74.0
Валерия Валериевна Селиверстова,2019,Целевое,8.4,318.1,Психология,г. Сухиничи,+7 (979) 109-51-21,,76.0,,95.0,63.0,
Попов Всеволод Ермилович,2022,Бюджет,8.6,268.3,Психология,к. Избербаш,8 (409) 214-35-59,,,43.0,64.0,75.0,
Нинель Семеновна Зуева,2021,Бюджет,6.4,306.5,Психология,п. Дивногорск,+7 035 164 3511,90.0,70.0,,,82.0,
Надежда Натановна Суханова,2019,Целевое,6.7,277.9,История,к. Курумкан,8 587 671 3277,,,71.0,68.0,72.0,
Белозерова Юлия Владиславовна,2020,Целевое,6.9,257.1,Психология,д. Кежма,+79146817995,,71.0,56.0,,,61.0
Самойлов Платон Егорович,2020,Платка,9.1,248.0,Философия,п. Мичуринск,8 519 648 6268,,,57.0,33.0,67.0,
Быкова Ирина Богдановна,2019,Бюджет,5.9,359.2,Радиофизика,ст. Мончегорск,8 895 589 2030,,,100.0,,100.0,100.0
Жукова Ия Оскаровна,2022,Бюджет,6.9,326.0,Лечебное дело,д. Листвянка (Иркут.),8 (342) 205-1522,78.0,,79.0,,,100.0
Корнилова Евпраксия Богдановна,2023,Целевое,6.8,257.2,Прикладная информатика,с. Обоянь,+7 491 249 86 46,64.0,60.0,,65.0,,
Пимен Трофимович Устинов,2019,Бюджет,7.3,227.0,Психология,с. Снежинск,+7 477 803 7177,50.0,,,,44.0,60.0
Ия Семеновна Беляева,2022,Целевое,9.6,315.5,Радиофизика,г. Тамбов,+7 202 683 5072,,,95.0,,59.0,66.0
Анжела Эдуардовна Кудряшова,2022,Платка,8.2,327.4,Прикладная математика,г. Горячий Ключ,+7 (713) 077-10-03,,,87.0,,76.0,82.0
Шилов Владлен Измаилович,2021,Платка,7.1,294.9,Прикладная информатика,к. Брянск,8 644 318 51 10,,74.0,,79.0,,71.0
Лука Ефстафьевич Зиновьев,2023,Целевое,9.8,248.8,Философия,клх Великие Луки,82273172143,46.0,56.0,,,,49.0
Федорова Дарья Николаевна,2021,Платка,8.0,305.7,Международные отношения,к. Беломорск,+70138873639,,83.0,,64.0,,79.0
Денисов Степан Брониславович,2020,Целевое,5.2,263.1,Информатика,д. Пушкин,81458174489,70.0,,79.0,,62.0,
Ситникова Майя Сергеевна,2021,Целевое,7.0,281.6,Информатика,с. Павловский Посад,+7 456 466 68 09,84.0,61.0,67.0,,,
Валентина Богдановна Медведева,2019,Целевое,7.4,215.4,Радиофизика,с. Урус-Мартан,8 809 996 9428,49.0,,,39.0,53.0,
Валерия Федоровна Овчинникова,2019,Целевое,6.8,306.1,Лечебное дело,ст. Котлас,+70013800579,,80.0,,68.0,,90.0
Юлия Матвеевна Юдина,2021,Платка,7.6,312.2,История,д. Каневская,8 (991) 722-37-65,,,75.0,83.0,78.0,
Виссарион Юлианович Соколов,2019,Бюджет,5.4,273.8,Прикладная информатика,д. Черский,82472815795,,,83.0,72.0,65.0,
Гурьев Евдоким Александрович,2019,Целевое,6.3,294.3,Прикладная информатика,д. Звенигород,+7 (668) 390-3541,75.0,,79.0,,,77.0
Зайцев Эраст Антипович,2020,Платка,7.3,272.7,Международные отношения,г. Сузун,+7 022 686 3504,,58.0,,57.0,,85.0
Самойлов Станимир Андреевич,2021,Платка,8.5,257.2,Кибербезопасность,ст. Нижнеудинск,8 595 837 1112,64.0,55.0,,,53.0,
Силин Адам Ефремович,2019,Платка,7.6,277.3,Философия,д. Усть-Кут,+78727525206,,,,75.0,66.0,60.0
Кудряшова София Кузьминична,2019,Платка,5.6,265.5,Прикладная информатика,ст. Калач,82122978104,,71.0,72.0,,,67.0
Святослав Аксёнович Капустин,2022,Бюджет,7.9,373.7,Международные отношения,г. Калуга,+70422191581,,,95.0,,100.0,100.0
Нина Кузьминична Сорокина,2019,Бюджет,8.3,248.4,История,клх Кабанск,89293529588,,,50.0,,69.0,46.0
Савин Ефим Игнатьевич,2019,Платка,7.3,257.3,Прикладная математика,клх Карпинск,8 745 484 84 97,44.0,56.0,,84.0,,
Анжелика Леоновна Некрасова,2019,Бюджет,7.6,312.1,Прикладная математика,клх Елатьма,+78492543772,,98.0,,,77.0,61.0
Олимпиада Захаровна Кузнецова,2022,Бюджет,7.2,214.6,Радиофизика,ст. Кош-Агач,82341962727,26.0,,,64.0,53.0,
Пестов Аверкий Елизарович,2021,Бюджет,6.7,313.2,История,г. Фатеж,+7 614 410 7990,100.0,69.0,,,,77.0
Русакова Лариса Артемовна,2019,Целевое,8.9,323.1,Радиофизика,п. Малгобек,+7 (834) 189-6027,72.0,,,,92.0,70.0
Кондратий Ааронович Ефимов,2022,Целевое,7.2,313.2,Прикладная математика,к. Ступино,8 (919) 608-73-09,,,100.0,67.0,74.0,
Некрасова Эмилия Матвеевна,2022,Целевое,4.6,323.8,Философия,с. Тулпан,8 (468) 615-07-55,,84.0,,94.0,,100.0
Александра Ивановна Белоусова,2021,Платка,7.2,316.8,Информатика,с. Кропоткин (Краснод.),8 642 732 90 97,86.0,71.0,,88.0,,
Тамара Петровна Цветкова,2021,Бюджет,6.8,301.8,Кибербезопасность,ст. Саранск,+7 (493) 197-1370,,63.0,94.0,,,77.0
Фортунат Абрамович Тимофеев,2023,Бюджет,9.1,264.3,Радиофизика,к. Волгоград,86521495829,,54.0,68.0,,,51.0
Фортунат Терентьевич Дьячков,2019,Целевое,7.7,271.2,Прикладная информатика,д. Красногорск (Моск.),81203529825,65.0,55.0,,,,74.0
Моисеева Вера Геннадиевна,2022,Целевое,6.8,258.9,Лечебное дело,ст. Саранск,+7 098 734 49 91,84.0,,50.0,57.0,,
Порфирий Бориславович Васильев,2019,Целевое,8.4,275.7,Радиофизика,д. Тутончаны,+7 (652) 229-25-48,,,75.0,,63.0,54.0
Фомичева Глафира Эльдаровна,2019,Целевое,6.8,262.2,Информатика,г. Губаха,+7 550 561 0838,91.0,51.0,,,,52.0
Афанасьев Герман Аверьянович,2022,Бюджет,5.8,294.4,Философия,с. Можайск,+7 719 761 79 09,77.0,85.0,,74.0,,
Евлампий Демидович Белозеров,2019,Платка,6.7,184.4,Информатика,клх Иркутск,+7 298 989 80 29,,,45.0,32.0,,40.0
Вера Николаевна Боброва,2020,Целевое,6.8,347.2,Прикладная математика,д. Пушкин,+7 (948) 126-4746,,,95.0,84.0,100.0,
Абрамов Аникита Ефстафьевич,2020,Платка,7.0,248.4,История,клх Усинск,+7 511 790 3572,66.0,,,56.0,,56.0
Маркова Марфа Никифоровна,2019,Бюджет,9.0,287.3,Кибербезопасность,д. Ростов-на-Дону,81131883299,62.0,,72.0,63.0,,
Виноградов Аркадий Евсеевич,2019,Платка,7.9,223.9,История,к. Белорецк,+7 (385) 554-8517,,,47.0,39.0,,59.0
Нинель Альбертовна Харитонова,2019,Бюджет,5.7,182.3,Прикладная информатика,п. Белый Яр (Томск.),86557041522,,,26.0,59.0,,40.0
Одинцов Давыд Давидович,2020,Платка,7.1,321.8,Прикладная информатика,с. Солнечногорск,8 (887) 456-0168,74.0,89.0,,,,88.0
Капустина Октябрина Константиновна,2023,Целевое,8.0,288.4,Прикладная математика,п. Шереметьево,+7 (481) 706-7112,59.0,60.0,89.0,,,
Анжела Ждановна Александрова,2023,Бюджет,8.8,365.1,Психология,п. Шуя,+7 310 415 12 08,,77.0,,100.0,100.0,
Дарья Наумовна Зыкова,2020,Платка,6.4,269.3,Международные отношения,г. Орск,+71161946553,91.0,69.0,45.0,,,
Алла Николаевна Исакова,2020,Целевое,6.4,257.2,История,п. Находка,+7 329 485 2778,92.0,,37.0,64.0,,
Олимпиада Владимировна Белякова,2022,Бюджет,7.2,349.2,Прикладная математика,клх Назрань,+7 632 863 94 14,87.0,,,94.0,,96.0
Королева Нонна Никифоровна,2019,Бюджет,6.2,235.8,Радиофизика,д. Нарткала,8 (216) 085-34-26,,63.0,,74.0,37.0,
Аксенов Лонгин Тарасович,2022,Целевое,5.4,350.0,Психология,с. Горно-Алтайск,+7 230 948 2432,100.0,,96.0,,100.0,
Дмитрий Владиславович Красильников,2023,Платка,8.0,307.8,История,к. Вязьма,+7 (810) 291-8302,,,66.0,,91.0,71.0
Эрнст Герасимович Михайлов,2019,Целевое,9.5,230.1,Психология,п. Джубга,80370085043,,,47.0,32.0,,56.0
Коновалов Прокл Антонович,2021,Платка,10.0,349.0,Лечебное дело,с. Невельск,89494553296,,,93.0,92.0,64.0,
Прохор Вилорович Федоров,2019,Целевое,8.1,233.9,Информатика,к. Волгоград,8 518 238 01 52,,34.0,,69.0,50.0,
Ларионов Евдоким Денисович,2023,Бюджет,5.7,314.1,Прикладная математика,с. Нижнеудинск,8 (203) 225-6744,,73.0,100.0,,,84.0
Лихачева Евпраксия Юрьевна,2020,Бюджет,8.1,311.4,Кибербезопасность,ст. Мончегорск,+7 (177) 378-06-48,,,82.0,,82.0,66.0
тов. Игнатьев Каллистрат Ефремович,2020,Целевое,10.0,360.6,Психология,п. Новгород Великий,+71929719993,98.0,80.0,,83.0,,
Евгения Юрьевна Афанасьева,2020,Платка,9.1,277.4,Прикладная математика,п. Гдов,8 (766) 073-8505,60.0,80.0,,,,46.0
Виноградов Адриан Валерианович,2019,Целевое,6.8,326.9,Кибербезопасность,п. Армавир,8 266 396 66 76,,,83.0,92.0,84.0,
Тетерина Алла Руслановна,2019,Платка,8.0,318.4,Лечебное дело,г. Северо-Курильск,+7 (526) 089-01-37,63.0,,,91.0,84.0,
Кудряшов Семен Арсеньевич,2022,Целевое,8.1,329.8,Лечебное дело,г. Хасавюрт,+7 748 765 2986,,87.0,,,82.0,80.0
Бирюков Зосима Ааронович,2021,Бюджет,9.4,329.1,Прикладная информатика,к. Углегорск,8 (734) 845-77-96,,78.0,70.0,87.0,,
Лыткина Анжелика Антоновна,2020,Целевое,7.0,267.3,Лечебное дело,п. Магадан,86658795867,67.0,,63.0,,,67.0
Лидия Юльевна Воронцова,2019,Платка,8.5,327.4,Радиофизика,с. Усть-Джегута,8 166 858 6341,,,,93.0,81.0,68.0
Антонин Жанович Красильников,2020,Бюджет,6.1,303.0,Радиофизика,к. Снежинск,+75371806562,,,94.0,,86.0,62.0
Фока Яковлевич Кудряшов,2021,Бюджет,7.2,220.4,Психология,клх Соловки,8 (734) 080-22-56,,51.0,47.0,,,50.0
Лобанов Милий Герасимович,2020,Платка,6.5,314.0,Психология,г. Гатчина,+7 (292) 901-72-60,,,81.0,68.0,100.0,
Пелагея Эльдаровна Русакова,2020,Бюджет,8.1,310.7,Кибербезопасность,п. Семлячики,84258767639,73.0,,,,82.0,75.0
Журавлева Лукия Геннадиевна,2021,Бюджет,8.7,305.6,История,д. Калачинск,81208143965,,82.0,59.0,,78.0,
Ермаков Николай Августович,2020,Целевое,7.1,332.2,Радиофизика,г. Анива,+79323796072,,,100.0,82.0,79.0,
Шестакова Алевтина Дмитриевна,2023,Платка,6.8,294.0,Международные отношения,д. Городовиковск,88534254818,,,90.0,,76.0,60.0
Афанасьев Агафон Владиславович,2021,Бюджет,5.8,208.9,Лечебное дело,клх Ессентуки,+7 (060) 609-76-65,45.0,,40.0,,,66.0
Веселов Арсений Глебович,2021,Платка,8.5,333.8,История,к. Анапа,+7 176 774 0653,93.0,,58.0,,98.0,
Аггей Демидович Романов,2019,Платка,7.6,356.3,Информатика,клх Липецк,+71130124194,100.0,,,100.0,,80.0
Александра Афанасьевна Григорьева,2019,Платка,6.5,256.7,Прикладная информатика,г. Волхов,81315856809,50.0,,,,63.0,79.0
Никон Артёмович Макаров,2022,Платка,7.9,379.1,Радиофизика,п. Новороссийка,+77683936665,,,100.0,100.0,100.0,
Евсеева Ульяна Кирилловна,2020,Бюджет,8.2,377.2,Прикладная информатика,п. Сасово,82886709628,100.0,95.0,100.0,,,
Лукина Ульяна Кирилловна,2019,Платка,7.7,325.2,Международные отношения,г. Бреды,83148353646,87.0,67.0,94.0,,,
Филипп Захарьевич Семенов,2023,Целевое,6.9,312.0,Международные отношения,к. Усть-Калманка,8 (208) 503-13-98,,,,84.0,77.0,82.0
Макарова Глафира Игоревна,2020,Целевое,9.5,327.5,Международные отношения,д. Гдов,+7 (015) 525-4587,,85.0,82.0,,,65.0
Стрелкова Элеонора Леоновна,2019,Целевое,9.1,242.0,Информатика,д. Мценск,8 (173) 742-3531,,45.0,,57.0,,49.0
Константин Глебович Савин,2019,Платка,7.4,369.9,Прикладная информатика,с. Шелагонцы,+7 382 941 0430,,100.0,100.0,,,96.0
Макарова Ульяна Антоновна,2023,Платка,7.5,287.5,Прикладная математика,ст. Нижний Тагил,8 723 756 7344,69.0,75.0,,69.0,,
Елизавета Ждановна Филатова,2019,Платка,7.6,308.9,Философия,клх Гремячинск (Бурят.),+7 221 127 6446,,82.0,,72.0,,79.0
Юдина Татьяна Болеславовна,2021,Бюджет,6.6,323.4,Информатика,клх Красноярск,+7 748 942 4766,73.0,,,99.0,85.0,
Иванов Павел Борисович,2020,Бюджет,6.4,246.3,Международные отношения,г. Нижнеудинск,+7 (876) 903-3673,,65.0,51.0,66.0,,
Федотова Алевтина Григорьевна,2023,Целевое,6.6,358.3,Философия,клх Артем,8 195 251 59 87,93.0,99.0,100.0,,,
Агата Архиповна Баранова,2021,Целевое,7.3,322.5,Прикладная математика,г. Тутаев,89758959485,76.0,80.0,,,,94.0
Хохлова Анжела Никифоровна,2019,Платка,7.1,238.9,Информатика,д. Краснодар,8 152 445 48 73,,62.0,,,60.0,46.0
Лора Вениаминовна Белоусова,2023,Бюджет,9.3,328.4,Международные отношения,с. Ессентуки,84940670738,,78.0,,,80.0,77.0
Маркова Анжелика Максимовна,2023,Платка,5.8,284.5,Международные отношения,с. Хатанга,+7 (422) 929-34-65,88.0,,58.0,81.0,,
Раиса Ниловна Матвеева,2019,Бюджет,6.5,308.4,Прикладная информатика,ст. Тайшет,8 (250) 335-01-22,,74.0,100.0,,,69.0
Гордеев Аникита Всеволодович,2019,Бюджет,8.6,249.5,Международные отношения,г. Ишим,+7 (583) 535-2429,,63.0,53.0,47.0,,
Шарапов Тимофей Августович,2020,Бюджет,8.2,291.1,Радиофизика,п. Великие Луки,8 064 655 8705,,71.0,,74.0,64.0,
г-жа Ларионова Елизавета Леоновна,2023,Бюджет,7.8,292.1,Международные отношения,п. Петушки,8 (345) 713-17-08,69.0,70.0,,,,75.0
Алла Викторовна Сорокина,2019,Платка,8.4,351.7,Лечебное дело,клх Дагомыс,8 935 600 60 42,,,89.0,90.0,89.0,
Борислав Артемьевич Смирнов,2023,Целевое,5.6,307.2,Философия,г. Шахты,+7 (394) 480-48-49,93.0,83.0,,,,75.0
Евграф Вячеславович Назаров,2022,Целевое,9.4,329.0,Международные отношения,клх Апрелевка,8 394 612 88 91,96.0,,,,77.0,62.0
Измаил Геннадиевич Мельников,2021,Целевое,8.0,290.3,Психология,п. Ухта,+7 924 740 92 06,71.0,63.0,76.0,,,
Кузнецов Нестор Ефимович,2020,Платка,7.9,250.0,Кибербезопасность,с. Комсомольск-на-Амуре,+7 (473) 264-91-29,54.0,60.0,,57.0,,
Журавлева Валерия Анатольевна,2021,Платка,8.6,303.5,Информатика,д. Пинега,+79006914776,,,65.0,,85.0,68.0
Евгения Сергеевна Гаврилова,2021,Бюджет,7.4,330.3,Лечебное дело,г. Обнинск,+7 (228) 236-9158,71.0,,85.0,,100.0,
Пестов Владлен Арсеньевич,2019,Бюджет,9.0,292.3,Международные отношения,г. Домбай,+7 (903) 583-74-27,,62.0,58.0,,82.0,
Антонова Людмила Алексеевна,2021,Платка,4.2,311.4,Философия,п. Фатеж,+7 (903) 954-84-66,91.0,,79.0,99.0,,
Васильева Нонна Тимофеевна,2021,Бюджет,7.1,269.7,Информатика,г. Нижнеудинск,+78919339229,,57.0,76.0,,,66.0
Галина Аскольдовна Беспалова,2021,Бюджет,6.1,299.1,Кибербезопасность,д. Кропоткин (Краснод.),86081384965,,,,66.0,84.0,88.0
Пантелеймон Валерьевич Колобов,2022,Платка,6.7,361.1,Психология,ст. Балашов,+79569853340,,99.0,95.0,100.0,,
Карпов Адам Иосифович,2022,Платка,6.4,326.3,Философия,с. Данков,8 (252) 142-98-54,,,85.0,,100.0,77.0
Макарова Агата Дмитриевна,2019,Целевое,9.1,231.4,Информатика,д. Новокузнецк,8 041 767 3096,,,50.0,45.0,,45.0
Лучезар Даниилович Поляков,2019,Платка,8.1,355.2,Международные отношения,г. Нижнекамск,+7 990 247 3331,,,100.0,87.0,,87.0
Агафья Станиславовна Лазарева,2021,Бюджет,6.7,271.4,История,г. Верхний Баскунчак,8 (074) 188-91-17,,54.0,77.0,73.0,,
Ларионов Харлампий Изотович,2023,Бюджет,7.2,307.3,Прикладная информатика,ст. Сорочинск,8 612 929 51 74,,78.0,88.0,69.0,,
Агафья Аскольдовна Зуева,2023,Платка,7.9,354.3,Лечебное дело,клх Новомосковск,+74256776925,86.0,,,93.0,,96.0
Константин Борисович Авдеев,2022,Платка,6.8,316.7,Философия,ст. Усть-Катав,8 (249) 959-1999,94.0,,,82.0,73.0,
Николаев Леонтий Аверьянович,2022,Бюджет,8.7,330.1,Радиофизика,клх Кулу,8 (163) 934-00-93,88.0,66.0,,,,89.0
Мирон Феофанович Лазарев,2021,Бюджет,7.0,308.4,Психология,ст. Балашов,8 295 396 84 69,99.0,61.0,,,78.0,
Мишин Владилен Борисович,2022,Целевое,7.1,213.0,Радиофизика,к. Тулун,8 (373) 077-0546,,,44.0,66.0,,32.0
Рыбаков Гедеон Изотович,2022,Платка,6.8,362.8,Кибербезопасность,п. Калачинск,+7 183 446 4678,,,100.0,,100.0,95.0
Милий Викентьевич Кондратьев,2023,Целевое,8.1,348.9,Психология,ст. Амдерма,81632518014,,,89.0,80.0,99.0,
Зинаида Болеславовна Прохорова,2022,Целевое,7.0,287.2,Прикладная информатика,г. Углегорск,8 (074) 112-79-69,,77.0,,81.0,,59.0
Вадим Федотович Гордеев,2019,Платка,7.6,283.7,Кибербезопасность,п. Игнашино,+78287926777,80.0,69.0,,,,59.0
г-жа Некрасова Лидия Леонидовна,2023,Платка,6.8,325.9,Лечебное дело,с. Верхоянск,+7 (521) 266-4072,81.0,,89.0,,88.0,
Баранова Елена Святославовна,2020,Платка,7.1,269.2,Прикладная математика,с. Красновишерск,87579840514,,52.0,,,69.0,77.0
Артемьев Гостомысл Юльевич,2021,Целевое,6.1,321.7,Лечебное дело,с. Тарко-Сале,+7 (812) 247-8846,,100.0,,,74.0,87.0
Смирнова Светлана Леоновна,2019,Бюджет,6.8,294.0,Международные отношения,клх Поронайск,88261785143,,68.0,70.0,,88.0,
Овчинникова Галина Леонидовна,2019,Целевое,5.2,256.6,Кибербезопасность,клх Нижний Тагил,+75136778596,52.0,76.0,,,,77.0
Кононов Галактион Федотович,2022,Целевое,7.5,357.3,Прикладная информатика,д. Подольск,+7 877 696 41 72,82.0,,100.0,100.0,,
Прохоров Софрон Терентьевич,2021,Платка,8.8,321.2,История,г. Невьянск,+73485314288,,77.0,,83.0,73.0,
Олимпий Иосипович Сафонов,2022,Целевое,7.4,350.7,Прикладная информатика,г. Тырныауз,8 (504) 160-2375,96.0,81.0,,,,100.0
Горбунов Герман Ефимович,2021,Целевое,6.9,367.1,Психология,п. Урай,+7 (081) 593-4218,100.0,,,100.0,98.0,
Алевтина Рубеновна Самсонова,2020,Целевое,7.6,241.3,Международные отношения,д. Эльтон,8 (148) 191-1824,,64.0,56.0,45.0,,
Оксана Николаевна Артемьева,2020,Платка,7.4,326.6,Философия,с. Апатиты,+7 (814) 334-0483,,88.0,78.0,87.0,,
Регина Вячеславовна Шарапова,2022,Целевое,7.4,316.5,Психология,г. Карабудахкент,+7 778 964 5670,86.0,84.0,,72.0,,
Исидор Гавриилович Григорьев,2023,Целевое,7.5,281.4,Кибербезопасность,п. Домбай,8 851 347 35 77,,,70.0,74.0,62.0,
Фадеев Азарий Филимонович,2019,Целевое,6.6,284.3,Философия,к. Шадринск,87641352075,,59.0,66.0,,93.0,
тов. Рябова Пелагея Юльевна,2021,Платка,5.0,350.1,Информатика,п. Ханты-Мансийск,+7 (497) 209-9075,100.0,100.0,,100.0,,
Кудряшова Вера Робертовна,2023,Платка,5.7,282.0,Информатика,г. Арзамас,+7 951 737 29 99,54.0,,100.0,71.0,,
Брагина Лора Владиславовна,2021,Платка,9.2,365.7,Кибербезопасность,с. Енисейск,+7 (464) 114-8294,82.0,94.0,,,,98.0
Дарья Максимовна Харитонова,2019,Бюджет,7.0,324.9,Лечебное дело,г. Белорецк,+7 (653) 274-08-08,88.0,,94.0,,73.0,
Горбачева Оксана Матвеевна,2023,Целевое,7.3,325.9,Радиофизика,г. Верхний Баскунчак,8 769 343 52 31,72.0,,,96.0,85.0,
Феврония Рудольфовна Костина,2022,Бюджет,7.6,364.9,Международные отношения,клх Красноярск,89335712927,100.0,,93.0,96.0,,
Одинцова Анжела Валериевна,2021,Платка,8.0,379.3,Международные отношения,п. Сосновый Бор,8 079 577 70 07,100.0,99.0,100.0,,,
Любовь Геннадьевна Юдина,2023,Целевое,8.4,370.1,Прикладная математика,д. Люберцы,8 900 566 01 99,100.0,96.0,90.0,,,
Прокл Ерофеевич Герасимов,2019,Бюджет,6.4,180.2,Психология,к. Великие Луки,8 (643) 224-65-96,32.0,,40.0,,44.0,
Клавдий Владиленович Колесников,2020,Бюджет,5.8,325.8,Прикладная информатика,к. Теберда,8 047 082 2215,,,93.0,83.0,,92.0
Рябов Остромир Гурьевич,2019,Бюджет,8.1,309.3,Лечебное дело,к. Ельня,+7 556 424 2074,71.0,,,79.0,,78.0
Ольга Алексеевна Павлова,2019,Бюджет,7.7,361.2,Международные отношения,г. Кашира,+7 (174) 549-3204,99.0,,,85.0,100.0,
Гурьева Анжела Геннадиевна,2019,Платка,7.9,303.4,Прикладная математика,д. Шатура,+7 489 429 92 26,58.0,79.0,,87.0,,
Александров Лавр Елисеевич,2019,Бюджет,7.2,264.3,Кибербезопасность,с. Нальчик,8 (821) 580-0499,64.0,,82.0,,46.0,
Потап Жоресович Федосеев,2021,Бюджет,6.8,243.4,История,ст. Белорецк,8 185 656 7756,,58.0,69.0,48.0,,
Гусев Антип Филатович,2021,Платка,6.9,341.4,Информатика,г. Верхний Тагил,8 (561) 364-50-43,95.0,,81.0,,96.0,
Бобылева Лора Тимуровна,2023,Бюджет,7.7,238.6,Информатика,с. Нижнекамск,+7 835 380 9245,55.0,,,54.0,53.0,
Денис Валентинович Котов,2020,Целевое,8.1,278.3,Информатика,с. Сергиев Посад,+7 (643) 363-1779,72.0,64.0,61.0,,,
Глафира Святославовна Павлова,2019,Целевое,8.4,201.4,Философия,клх Александровск-Сахалинский,+7 (157) 676-5079,,,27.0,40.0,,50.0
Цветков Ананий Юлианович,2023,Бюджет,7.9,236.0,Философия,с. Анапа,+7 (008) 881-84-77,,,42.0,59.0,,56.0
Некрасов Варлаам Феликсович,2022,Платка,5.7,277.9,Радиофизика,к. Нягань,8 (931) 061-49-01,65.0,,96.0,,60.0,
Никифор Филатович Доронин,2019,Платка,7.6,242.5,Информатика,д. Октябрьское (Хант.),+7 685 501 44 14,47.0,,,55.0,,64.0
Бурова Эмилия Даниловна,2020,Платка,6.1,261.5,Прикладная информатика,г. Тикси,8 (045) 227-22-01,64.0,53.0,,84.0,,
Мирон Валентинович Зимин,2021,Платка,6.7,316.0,Международные отношения,г. Березники,8 575 010 1634,,91.0,,77.0,,81.0
Петухова Клавдия Егоровна,2023,Целевое,5.3,269.0,Информатика,д. Архангельск,8 157 058 37 13,,75.0,62.0,,,79.0
Волков Феликс Глебович,2022,Платка,7.9,331.5,Международные отношения,д. Обнинск,8 (992) 525-6367,,,76.0,82.0,,95.0
Панова Анжелика Семеновна,2021,Бюджет,8.3,313.4,Радиофизика,клх Северодвинск,8 578 843 6668,81.0,,,74.0,,75.0
Михеев Харитон Александрович,2022,Целевое,9.1,390.9,Кибербезопасность,клх Урюпинск,+7 992 500 6112,100.0,,,100.0,100.0,
Корнилов Евстафий Игнатович,2022,Платка,6.3,313.7,Кибербезопасность,к. Сосногорск,8 (350) 776-2160,68.0,,,96.0,87.0,
Савелий Эдуардович Баранов,2019,Платка,7.1,327.7,История,п. Новый Уренгой,84337164425,85.0,87.0,85.0,,,
Аникита Брониславович Воробьев,2022,Бюджет,8.8,357.8,Психология,с. Киров (Вятка),8 (424) 411-94-65,,,82.0,,90.0,98.0
Стрелкова Наталья Руслановна,2023,Целевое,9.2,328.1,Международные отношения,клх Апрелевка,+78135350289,71.0,86.0,,,,79.0
Эраст Артурович Хохлов,2023,Платка,7.7,367.7,Кибербезопасность,к. Кировск (Мурм.),+7 (843) 532-0671,,98.0,,,93.0,100.0
Щукин Фортунат Бориславович,2022,Бюджет,7.9,265.1,Международные отношения,г. Сладково,+7 224 010 08 29,,66.0,,82.0,,38.0
Вера Олеговна Алексеева,2020,Целевое,8.8,311.4,Прикладная математика,с. Соль-Илецк,84933368924,,,74.0,75.0,74.0,
Надежда Андреевна Архипова,2019,Платка,6.5,307.4,Радиофизика,д. Ульяновск,8 977 108 83 93,70.0,,89.0,83.0,,
Костин Милий Жоресович,2023,Целевое,6.7,357.8,История,г. Андреаполь,83812622046,100.0,91.0,100.0,,,
Селиверст Федосеевич Шаров,2023,Бюджет,6.3,327.7,Международные отношения,ст. Торжок,8 251 238 55 77,,,,80.0,100.0,85.0
Зуев Ладислав Иларионович,2020,Платка,7.6,257.0,Информатика,клх Тобольск,+74914837598,49.0,,,,74.0,58.0
Анастасия Юрьевна Большакова,2021,Целевое,8.2,278.0,Прикладная математика,с. Бреды,+7 (902) 049-23-59,,52.0,,84.0,60.0,
Стрелков Филарет Гертрудович,2022,Бюджет,7.2,305.6,Радиофизика,клх Тосно,8 (807) 337-5236,79.0,68.0,,,,87.0
Ульяна Феликсовна Медведева,2022,Платка,9.2,291.8,Информатика,ст. Нижний Тагил,+7 (120) 910-91-56,66.0,,69.0,65.0,,
Фирс Анисимович Беспалов,2021,Целевое,7.5,315.7,Кибербезопасность,п. Валдай,+7 356 333 37 66,,,90.0,,84.0,67.0
Касьян Данилович Артемьев,2021,Целевое,9.0,367.5,История,с. Буденновск,8 (674) 827-43-01,92.0,,,86.0,,99.0
Белова Фаина Святославовна,2022,Целевое,7.7,317.9,Международные отношения,ст. Биробиджан,+7 287 387 1747,100.0,,,,72.0,69.0
Мишин Владимир Викентьевич,2023,Бюджет,5.3,334.5,Психология,ст. Щелково,8 833 849 8411,,,,85.0,99.0,97.0
Беляева Анастасия Львовна,2022,Целевое,9.4,302.1,Психология,г. Ржев,8 088 148 1680,,56.0,,,78.0,74.0
Поликарп Антонович Дроздов,2021,Бюджет,7.8,316.2,Кибербезопасность,д. Сеймчан,+78098617705,66.0,,,100.0,72.0,
Гурьев Селиверст Вячеславович,2021,Платка,5.3,277.9,Философия,ст. Аргаяш,8 (728) 168-23-44,66.0,,,64.0,95.0,
Лапина Дарья Эльдаровна,2022,Бюджет,9.6,352.9,Радиофизика,с. Сунтар,8 (448) 619-4389,,89.0,,,78.0,90.0
Мухина Тамара Афанасьевна,2021,Бюджет,7.4,250.3,Лечебное дело,п. Череповец,+7 791 375 84 75,55.0,,63.0,,58.0,
София Вячеславовна Савельева,2021,Целевое,7.7,219.4,Прикладная информатика,клх Нефтеюганск,+7 079 631 7609,50.0,40.0,,52.0,,
Шилов Мстислав Артёмович,2021,Бюджет,8.4,355.2,Прикладная математика,д. Крымск,+7 892 034 87 98,,100.0,,100.0,71.0,
Носова Мария Георгиевна,2022,Целевое,7.2,327.3,Психология,д. Яхрома,+7 768 496 72 83,69.0,,,,100.0,86.0
Олимпиада Ивановна Калинина,2019,Целевое,6.7,183.1,Философия,г. Яр-Сале,+7 (362) 292-1447,,,,33.0,47.0,36.0
Вениамин Ермолаевич Тихонов,2022,Целевое,8.0,226.3,Международные отношения,к. Кыштым,+78882510138,,59.0,,39.0,,48.0
Лора Робертовна Петухова,2019,Целевое,6.6,206.9,Международные отношения,с. Пятигорск,80361580212,61.0,38.0,42.0,,,
Дементьева Вера Валентиновна,2023,Целевое,7.5,283.5,Философия,г. Зеленогорск (Ленин.),+73183922724,76.0,75.0,58.0,,,
Ия Владимировна Медведева,2022,Бюджет,6.3,242.3,Психология,д. Моздок,+7 (807) 225-01-21,,,52.0,50.0,,77.0
Журавлев Виктор Дмитриевич,2021,Бюджет,7.7,368.4,Лечебное дело,к. Певек,8 092 265 4591,,100.0,,,91.0,100.0
Фомина Тамара Робертовна,2023,Целевое,6.8,330.5,История,ст. Вязьма,+7 705 295 5398,95.0,,,78.0,89.0,
Хохлова Майя Евгеньевна,2021,Платка,7.9,376.6,Радиофизика,с. Яр-Сале,+7 (378) 007-8673,,,,98.0,100.0,100.0
Лебедева Нинель Тарасовна,2020,Платка,6.6,304.4,Радиофизика,г. Макаров,8 634 624 5532,,93.0,,88.0,57.0,
Елена Максимовна Герасимова,2023,Платка,8.3,272.4,Психология,клх Белогорск (Амур.),8 553 263 8447,,,51.0,,77.0,61.0
Агафья Геннадиевна Ситникова,2023,Целевое,8.6,335.2,Прикладная математика,г. Ахтубинск,+76136923984,,,90.0,,85.0,74.0
Жданов Радован Бориславович,2023,Бюджет,6.8,331.4,Международные отношения,д. Калуга,+7 883 010 1514,,,83.0,,100.0,80.0
Станимир Фадеевич Тетерин,2021,Целевое,7.5,315.2,История,с. Верхотурье,+7 (105) 107-51-56,86.0,,,,86.0,68.0
Прохоров Михаил Ефимьевич,2019,Целевое,6.7,256.7,Кибербезопасность,д. Каневская,+7 (930) 572-6873,,62.0,74.0,,,54.0
Эмилия Святославовна Гусева,2020,Бюджет,8.1,312.2,Радиофизика,клх Сосьва (Хант.),8 223 681 8861,72.0,76.0,,,,83.0
Уварова Синклитикия Эдуардовна,2021,Бюджет,6.5,255.1,Психология,г. Туапсе,8 (183) 144-06-71,75.0,,69.0,,,46.0
Кириллова Зоя Тимофеевна,2021,Целевое,7.2,318.0,Радиофизика,клх Елатьма,8 (444) 071-3714,77.0,69.0,100.0,,,
Колобова Марфа Эдуардовна,2020,Бюджет,7.2,244.5,Лечебное дело,ст. Невьянск,8 (567) 568-87-95,54.0,,50.0,69.0,,
Аким Исидорович Филатов,2021,Платка,5.1,343.4,Радиофизика,г. Карачаевск,+7 (287) 724-1431,92.0,,,,100.0,100.0
Фролова Евпраксия Борисовна,2019,Бюджет,8.5,350.3,Прикладная математика,с. Минеральные Воды,8 391 544 5292,94.0,76.0,95.0,,,
Шестаков Добромысл Владиславович,2021,Платка,6.9,312.0,Прикладная математика,ст. Жигулевск,8 (748) 585-71-82,93.0,,65.0,,85.0,
Морозов Наркис Харитонович,2022,Бюджет,9.6,364.4,История,ст. Верхоянск,+7 (847) 106-4892,100.0,83.0,,85.0,,
Лонгин Бориславович Федосеев,2021,Бюджет,8.2,372.4,Радиофизика,ст. Мезень,+79974998598,,100.0,,100.0,,90.0
Прохоров Лучезар Венедиктович,2020,Бюджет,6.3,343.7,Информатика,г. Воскресенск,8 309 570 55 95,100.0,,,99.0,82.0,
Федот Владиславович Захаров,2023,Целевое,6.3,211.0,Лечебное дело,д. Бийск,8 693 196 6979,,63.0,,37.0,,48.0
Юрий Тихонович Андреев,2023,Бюджет,7.3,281.8,Лечебное дело,с. Верещагино (Перм.),8 (982) 974-56-65,69.0,69.0,,,,71.0
Соболева Пелагея Борисовна,2022,Бюджет,5.2,311.7,Лечебное дело,ст. Тимашевск,+7 (683) 494-1647,93.0,,81.0,86.0,,
Кузнецов Максимильян Артурович,2021,Платка,7.7,218.9,Международные отношения,к. Карпинск,8 (564) 748-52-91,,43.0,,58.0,,41.0
Элеонора Вячеславовна Комарова,2023,Платка,5.0,337.5,Информатика,п. Пушкино (Моск.),+74568797010,88.0,100.0,,100.0,,
Чеслав Юлианович Кудряшов,2022,Платка,6.7,358.4,Кибербезопасность,п. Урус-Мартан,+77209779288,100.0,98.0,93.0,,,
Матвей Еремеевич Анисимов,2021,Платка,6.2,246.8,Прикладная математика,клх Лазаревское,86661581336,73.0,51.0,,,61.0,
Виссарион Якубович Григорьев,2023,Бюджет,7.3,364.0,Психология,п. Соловки,+7 591 812 3631,100.0,,98.0,93.0,,
Полякова Светлана Аркадьевна,2023,Платка,8.3,375.2,Информатика,к. Шахты,+7 452 736 77 88,96.0,96.0,,100.0,,
Боян Бориславович Богданов,2020,Платка,8.3,274.2,Психология,с. Шенкурск,+7 (260) 828-8124,62.0,,,54.0,,75.0
г-жа Михайлова Феврония Вадимовна,2021,Бюджет,7.3,295.6,Кибербезопасность,к. Талдом,83755460390,66.0,81.0,76.0,,,
Ершова Ольга Владиславовна,2022,Целевое,9.0,383.8,Психология,п. Камышин,8 (588) 860-1406,,100.0,,94.0,,100.0
Рогова Лариса Болеславовна,2019,Платка,6.5,214.6,Радиофизика,г. Артем,+7 (989) 457-50-56,32.0,72.0,,,,46.0
Варфоломей Аксёнович Тимофеев,2019,Бюджет,5.9,264.3,Философия,п. Екатеринбург,8 (506) 158-18-37,66.0,75.0,,64.0,,
Федосий Богданович Данилов,2022,Целевое,5.8,282.9,Международные отношения,г. Зеленогорск (Ленин.),8 901 748 5425,78.0,61.0,,,86.0,
Фока Эдуардович Власов,2019,Бюджет,6.8,258.5,Кибербезопасность,клх Щелково,8 239 782 5436,53.0,,65.0,,,72.0
Фролов Потап Эдгардович,2019,Платка,8.4,375.0,История,г. Югорск,+73958445566,,91.0,100.0,,100.0,
Нестерова Виктория Наумовна,2019,Бюджет,7.0,259.8,История,ст. Карачаевск,+7 620 060 6669,70.0,,46.0,,74.0,
Клавдия Вадимовна Данилова,2022,Платка,8.0,316.6,Психология,с. Шелехов,8 094 205 86 94,79.0,,83.0,,,75.0
Флорентин Викентьевич Юдин,2020,Целевое,7.2,233.9,Лечебное дело,г. Нефтекамск,8 969 579 9493,48.0,51.0,,,63.0,
Доброслав Фадеевич Васильев,2019,Платка,10.0,299.0,Радиофизика,ст. Нижнеудинск,8 559 894 40 79,,54.0,94.0,,,51.0
Орлов Варфоломей Харлампович,2023,Бюджет,6.3,349.1,Прикладная информатика,ст. Гагарин,+7 (859) 578-37-15,89.0,,100.0,97.0,,
г-жа Юдина Евгения Андреевна,2022,Бюджет,7.5,251.3,Радиофизика,ст. Набережные Челны,+7 (793) 632-2507,,51.0,74.0,51.0,,
Моисеева София Сергеевна,2023,Платка,8.6,385.8,Прикладная информатика,г. Неплюевка,+77093056846,,100.0,100.0,,100.0,
Харлампий Елизарович Кононов,2021,Бюджет,7.5,310.9,Информатика,к. Ноглики,+7 (008) 490-5205,64.0,,,92.0,80.0,
Влас Владленович Воробьев,2022,Платка,5.9,340.1,Лечебное дело,г. Старый Оскол,+75563177215,100.0,,,86.0,,95.0
Григорьева Агафья Михайловна,2020,Бюджет,5.9,279.8,Радиофизика,д. Тимашевск,+7 (526) 010-2405,64.0,84.0,,,,73.0
Осипова Ульяна Григорьевна,2020,Платка,5.5,243.5,Психология,ст. Армавир,8 513 025 39 91,63.0,,64.0,,61.0,
Бирюков Анисим Абрамович,2020,Платка,7.7,298.2,Прикладная математика,клх Можга,+76950544054,72.0,,82.0,,,67.0
Кира Харитоновна Гущина,2021,Платка,7.4,266.8,Лечебное дело,с. Верхоянск,8 564 941 6097,,,47.0,,79.0,67.0
Носов Кондратий Владиславович,2021,Целевое,6.7,342.5,Прикладная математика,к. Кяхта,+7 (646) 720-47-23,100.0,,,100.0,,76.0
Пимен Фомич Коновалов,2022,Бюджет,5.7,255.3,Радиофизика,ст. Великие Луки,+7 (994) 911-1324,,60.0,82.0,,,56.0
Белякова Милица Григорьевна,2022,Целевое,7.1,351.6,Прикладная информатика,д. Хасан,8 (489) 015-3004,,94.0,,97.0,90.0,
Родионова Нонна Дмитриевна,2023,Бюджет,6.4,285.3,Международные отношения,клх Благовещенск (Амур.),+72371128089,,78.0,73.0,70.0,,
Трофимов Мечислав Власович,2021,Целевое,8.8,242.8,Прикладная математика,клх Моздок,8 (776) 725-74-59,55.0,,,65.0,35.0,
Виктория Захаровна Дмитриева,2021,Целевое,7.5,269.6,Радиофизика,ст. Новороссийск,+7 587 547 61 97,,72.0,,,43.0,80.0
Стоян Захарьевич Горбачев,2021,Бюджет,5.1,283.6,Психология,ст. Ишим,+7 816 647 2035,,,70.0,82.0,81.0,
Никон Ермилович Устинов,2020,Целевое,6.2,205.1,Кибербезопасность,д. Соловки,8 (975) 891-24-80,51.0,40.0,,,,52.0
Фомина Евфросиния Дмитриевна,2019,Платка,8.6,269.5,Кибербезопасность,клх Шадринск,+79465065010,66.0,,,,60.0,58.0
Селезнев Максимильян Викентьевич,2021,Бюджет,5.9,306.4,Международные отношения,п. Вологда,8 786 942 00 64,,95.0,76.0,76.0,,
Виноградов Анисим Харламович,2021,Целевое,5.3,295.5,Психология,п. Махачкала,+7 126 905 8206,85.0,77.0,,,,80.0
тов. Кириллова Анастасия Анатольевна,2023,Платка,8.3,348.4,Кибербезопасность,ст. Карталы,+7 (650) 098-60-54,,100.0,,,75.0,90.0
Денисова Анжела Юльевна,2021,Целевое,6.3,222.0,Прикладная математика,п. Амдерма,+7 377 289 9427,47.0,,47.0,,,65.0
Климент Изотович Петров,2020,Бюджет,7.6,277.2,Прикладная математика,к. Томск,8 021 379 34 68,,,71.0,58.0,72.0,
Марков Терентий Витальевич,2022,Платка,7.7,363.3,Прикладная информатика,д. Тутончаны,+7 (136) 121-3861,,,100.0,,89.0,97.0
Игнатьев Максимильян Эдуардович,2022,Бюджет,8.5,338.9,Международные отношения,г. Владивосток,8 381 443 27 37,93.0,83.0,,,,78.0
Изот Гурьевич Медведев,2022,Бюджет,9.1,308.2,Философия,к. Терней,8 719 401 9841,67.0,,79.0,71.0,,
Герасимова Элеонора Петровна,2019,Бюджет,5.2,297.6,Информатика,п. Аша,+78115516881,,73.0,88.0,,85.0,
Евфросиния Борисовна Мухина,2021,Целевое,6.0,250.0,История,с. Ноябрьск,+7 759 872 7481,77.0,,47.0,,66.0,
Ираида Харитоновна Носкова,2019,Целевое,7.4,272.3,Прикладная информатика,с. Сортавала,8 343 309 59 67,,,90.0,,47.0,61.0
Фома Авдеевич Логинов,2020,Платка,6.7,348.4,Прикладная математика,клх Усть-Ишим,+7 948 369 2140,90.0,91.0,,100.0,,
Архип Демьянович Никитин,2021,Целевое,8.0,297.8,Философия,ст. Урай,+7 668 278 28 68,85.0,,,64.0,,69.0
Прохоров Родион Харитонович,2023,Бюджет,8.3,354.5,Прикладная информатика,г. Стерлитамак,+7 (932) 626-62-68,,72.0,100.0,99.0,,
Лаврентьев Венедикт Давидович,2022,Целевое,9.2,392.3,Психология,г. Кызыл,8 (166) 416-75-87,100.0,,,,100.0,100.0
Тихон Анатольевич Шаров,2023,Целевое,7.1,343.3,История,п. Ноглики,87305999027,99.0,91.0,,82.0,,
Таисия Руслановна Кудряшова,2022,Платка,7.6,323.7,Лечебное дело,к. Самара,82406794291,81.0,,94.0,,73.0,
Прохорова Жанна Геннадиевна,2019,Целевое,8.9,367.6,Прикладная информатика,ст. Зеленоград,+7 (173) 598-4903,95.0,84.0,,100.0,,
Александра Мироновна Мишина,2023,Целевое,7.9,317.9,Психология,клх Белоярский,+7 (785) 572-17-81,80.0,,,72.0,,87.0
Антонина Александровна Князева,2020,Бюджет,9.4,249.3,Лечебное дело,с. Междуреченский,+7 344 984 5904,,,,56.0,41.0,58.0
Мартынов Геннадий Герасимович,2020,Платка,6.6,295.6,Прикладная информатика,с. Мураши,+7 (438) 277-67-65,,81.0,75.0,,,74.0
Евдокимов Адам Августович,2021,Платка,8.5,325.6,Философия,с. Нарьян-Мар,+7 889 788 2442,,90.0,70.0,,,81.0
Тихонова Анастасия Вениаминовна,2019,Платка,6.1,242.2,Международные отношения,г. Аргаяш,8 (211) 536-6488,,,60.0,,73.0,48.0
Ершова Пелагея Тимуровна,2022,Платка,7.7,363.7,Прикладная информатика,с. Углич,+7 (150) 077-84-40,,94.0,,,100.0,93.0
Щербакова Евпраксия Филипповна,2022,Платка,8.3,263.2,Радиофизика,клх Златоуст,8 (575) 890-0282,,,64.0,,47.0,69.0
Илья Демидович Устинов,2019,Бюджет,7.8,376.8,Лечебное дело,ст. Корсаков,+7 (271) 336-6563,,100.0,,,99.0,100.0
Лаврентьев Вацлав Артемьевич,2020,Платка,5.0,250.0,Психология,к. Нарым,+73419761701,63.0,,,73.0,64.0,
Авдеев Виктор Исидорович,2022,Платка,8.4,359.8,Кибербезопасность,к. Черняховск,8 094 960 04 10,,100.0,,96.0,,80.0
Артем Измаилович Нестеров,2020,Целевое,7.3,367.1,Психология,к. Куртамыш,8 561 607 8392,,98.0,100.0,,,96.0
Иванна Даниловна Соколова,2023,Бюджет,7.1,329.3,Информатика,п. Абинск,+7 (413) 156-12-39,76.0,,,87.0,95.0,
Вероника Станиславовна Тарасова,2019,Целевое,8.5,191.4,Международные отношения,к. Уренгой,+7 (482) 944-61-98,29.0,,,38.0,,39.0
Ратибор Фокич Гордеев,2023,Платка,8.3,320.1,Информатика,ст. Красноуфимск,8 (262) 117-6965,56.0,87.0,,94.0,,
Екатерина Георгиевна Некрасова,2019,Бюджет,5.8,215.1,Кибербезопасность,к. Дудинка,81065964479,71.0,,43.0,,,43.0
Эрнст Елизарович Гришин,2022,Бюджет,8.3,295.6,Философия,с. Алексин,+7 639 710 3017,,69.0,,71.0,,73.0
Полина Ниловна Калинина,2023,Целевое,7.9,257.2,Философия,п. Забайкальск,+75671552590,78.0,48.0,,,,52.0
Панкратий Ильясович Исаков,2020,Бюджет,8.8,282.7,Прикладная информатика,г. Новая Игирма,+78239629610,,47.0,66.0,82.0,,
Лихачева Элеонора Максимовна,2022,Целевое,8.3,308.2,Прикладная информатика,г. Кинешма,+76298687707,65.0,,,99.0,,61.0
Максимов Влас Игоревич,2019,Бюджет,9.1,267.1,Радиофизика,ст. Холмск,+7 (673) 432-0291,55.0,,,,63.0,58.0
Макаров Аверкий Трифонович,2023,Целевое,9.1,244.7,Радиофизика,клх Советский,8 (548) 929-9905,,55.0,,,50.0,49.0
Константинова Зинаида Яковлевна,2021,Бюджет,7.0,292.3,Лечебное дело,с. Вилюйск,+74156450118,78.0,,71.0,73.0,,
Емельянов Евграф Устинович,2019,Бюджет,9.1,305.2,Лечебное дело,клх Владивосток,+7 358 411 0703,71.0,,71.0,72.0,,
г-жа Галкина Оксана Эдуардовна,2022,Целевое,7.9,155.7,Информатика,п. Тырныауз,+7 (150) 850-07-23,28.0,,39.0,,,10.0
Анисим Архипович Афанасьев,2020,Бюджет,6.6,295.1,Международные отношения,клх Нижнеудинск,8 635 564 7876,,85.0,92.0,,,52.0
Юдин Кондрат Августович,2022,Бюджет,7.0,340.4,Международные отношения,д. Губкинский,8 (344) 376-76-27,,,77.0,93.0,100.0,
Аггей Елизарович Пахомов,2022,Платка,7.0,211.2,Лечебное дело,с. Губкин,8 086 611 9398,,,36.0,56.0,,49.0
Фролов Панфил Егорович,2021,Целевое,6.6,302.1,Прикладная математика,г. Нефтегорск (Самар.),+7 987 086 8144,,64.0,,95.0,,77.0
Агафья Ниловна Осипова,2019,Целевое,7.5,330.5,Международные отношения,д. Рославль,+7 (488) 116-3872,97.0,,,,91.0,67.0
Пахомова Юлия Борисовна,2023,Целевое,9.1,304.5,Прикладная математика,к. Мытищи,+7 (655) 119-31-41,68.0,76.0,,,69.0,
Варлаам Харитонович Кузнецов,2022,Платка,6.6,314.3,Лечебное дело,клх Сусуман,8 (382) 467-18-93,77.0,,,,71.0,100.0
Комиссарова Евфросиния Тимуровна,2019,Целевое,7.6,305.5,Информатика,клх Гаврилов-Ям,+7 262 802 4947,,65.0,,83.0,,82.0
Комарова Елена Эдуардовна,2019,Платка,5.1,286.7,Прикладная информатика,клх Сунтар,+7 (393) 527-18-52,59.0,,,,77.0,100.0
Брагин Аполлон Вячеславович,2022,Целевое,8.4,327.0,Радиофизика,к. Находка,+72594670386,78.0,77.0,,,,88.0
Кузнецова Феврония Рубеновна,2019,Бюджет,5.7,300.2,Философия,г. Шарья,8 446 387 7716,,78.0,73.0,,,92.0
Селезнева Евдокия Архиповна,2022,Бюджет,5.4,302.1,История,п. Саров (Морд.),+7 625 336 70 13,,69.0,86.0,,93.0,
Зуев Ираклий Валерьянович,2022,Бюджет,8.9,337.9,Философия,к. Владикавказ,+7 (878) 964-1765,,81.0,,,75.0,93.0
Флорентин Зиновьевич Орехов,2022,Бюджет,7.5,375.2,Прикладная информатика,ст. Галич,8 (390) 949-25-52,,100.0,100.0,,100.0,
Леон Витальевич Никонов,2022,Бюджет,5.4,320.1,История,к. Апрелевка,87498432701,100.0,,78.0,,88.0,
Феврония Тимофеевна Антонова,2022,Бюджет,7.5,345.9,Лечебное дело,п. Поронайск,+74668800962,90.0,100.0,,,,81.0
Ковалева Ксения Ефимовна,2020,Целевое,8.3,254.9,Психология,п. Карабудахкент,84722893675,62.0,56.0,,54.0,,
Пелагея Макаровна Кошелева,2021,Целевое,6.7,287.5,Прикладная информатика,ст. Кировск (Ленин.),8 922 080 6208,60.0,,83.0,77.0,,
Жанна Валентиновна Лукина,2021,Платка,6.3,350.0,Прикладная информатика,г. Соль-Илецк,+7 654 303 6401,,,91.0,100.0,96.0,
Щербакова Татьяна Альбертовна,2023,Бюджет,8.3,336.4,Философия,клх Петушки,+7 777 976 68 10,,79.0,,,91.0,83.0
Мельников Юрий Ермолаевич,2019,Целевое,5.7,237.3,Прикладная математика,к. Рыльск,83166117912,,59.0,68.0,53.0,,
Октябрина Андреевна Полякова,2022,Платка,8.4,349.6,Информатика,ст. Кудымкар,+7 (146) 927-0259,91.0,,,85.0,90.0,
Галина Рудольфовна Бобылева,2019,Целевое,10.0,387.0,Лечебное дело,ст. Агинское (Забайк.),8 (003) 477-9757,91.0,,100.0,96.0,,
Наум Анатольевич Козлов,2021,Бюджет,7.3,373.2,Информатика,д. Лабинск,+7 870 039 98 47,100.0,100.0,,,,100.0
Демид Теймуразович Хохлов,2022,Целевое,6.5,272.0,Философия,клх Павловская,81914359220,,67.0,66.0,74.0,,
Ситникова Вероника Антоновна,2020,Бюджет,9.2,246.2,Прикладная математика,к. Санкт-Петербург,8 (820) 910-98-63,,,56.0,,43.0,55.0
Наумов Евстигней Васильевич,2020,Платка,8.4,262.2,Прикладная информатика,ст. Меренга,8 (557) 943-6041,60.0,50.0,68.0,,,
Евдокия Кирилловна Шарова,2021,Платка,9.0,336.0,Лечебное дело,г. Березники,+7 (724) 021-5913,76.0,76.0,,,,94.0
Костин Мирослав Юлианович,2020,Целевое,7.5,285.8,Радиофизика,клх Горячий Ключ,+7 683 523 5746,,,81.0,,64.0,66.0
Устинова Тамара Руслановна,2022,Платка,7.6,147.5,Прикладная математика,п. Елец,8 (365) 727-3764,,21.0,,,25.0,25.0
Стоян Демьянович Панов,2022,Бюджет,8.8,282.5,Прикладная информатика,г. Дзержинск,8 (959) 395-39-91,62.0,,,73.0,59.0,
Рыбаков Егор Артурович,2021,Платка,8.0,272.5,Прикладная математика,ст. Терскол,+7 (177) 510-1172,67.0,,67.0,,,58.0
Феврония Архиповна Селезнева,2022,Бюджет,6.3,186.3,Информатика,к. Александровск,8 (330) 926-70-68,40.0,,52.0,31.0,,
Анастасия Аскольдовна Бобылева,2021,Платка,6.2,246.6,Философия,п. Катав-Ивановск,+7 718 803 91 00,,47.0,,,79.0,59.0
Агафья Тимофеевна Назарова,2021,Бюджет,5.3,340.3,Радиофизика,с. Чебаркуль,+79563354196,,87.0,100.0,,100.0,
Евпраксия Кузьминична Сазонова,2022,Целевое,8.1,341.7,Философия,г. Эльбрус,+7 286 859 4071,,,84.0,,90.0,87.0
Ростислав Абрамович Давыдов,2022,Бюджет,6.9,339.3,Информатика,г. Нефтекамск,+7 (628) 434-4320,,98.0,,100.0,72.0,
Иванов Кондрат Васильевич,2021,Платка,7.8,377.9,Лечебное дело,клх Аша,+7 (580) 947-7627,100.0,100.0,100.0,,,
Лазарева Галина Робертовна,2019,Целевое,9.0,294.5,Кибербезопасность,с. Карачаевск,+7 234 087 2890,74.0,57.0,,,74.0,
Матвей Иосифович Панфилов,2019,Бюджет,7.0,269.6,Лечебное дело,с. Учалы,+7 (918) 300-57-48,69.0,66.0,,,65.0,
Тарасова Кира Дмитриевна,2021,Целевое,9.2,248.0,Прикладная математика,г. Жуковский,+7 969 019 63 32,,,,61.0,45.0,50.0
Соловьева Раиса Даниловна,2021,Платка,9.1,278.7,Прикладная информатика,п. Чайковский,+7 260 320 88 47,61.0,72.0,,,55.0,
Доброслав Еремеевич Денисов,2019,Целевое,9.8,335.3,История,г. Тосно,8 (946) 645-9116,,71.0,,86.0,,80.0
Наина Тарасовна Лукина,2019,Платка,8.7,284.5,Философия,п. Кузнецк,8 913 110 07 26,,65.0,69.0,,63.0,
Харитонов Марк Дмитриевич,2021,Платка,6.9,335.9,Радиофизика,к. Ребриха,+7 978 594 3930,100.0,,87.0,,80.0,
Орест Демьянович Гордеев,2023,Целевое,8.1,320.6,Информатика,ст. Химки,8 (612) 639-54-47,,62.0,89.0,89.0,,
Ширяева Татьяна Федоровна,2023,Бюджет,8.0,379.8,Кибербезопасность,д. Ноябрьск,8 712 015 8625,,100.0,,100.0,,100.0
Прасковья Натановна Кабанова,2022,Платка,7.2,340.0,Радиофизика,клх Можга,8 375 705 7706,86.0,,,100.0,82.0,
Корнилов Серафим Филимонович,2020,Платка,8.5,318.0,Философия,ст. Мезень,8 055 602 69 75,,,73.0,81.0,,79.0
Русакова Агафья Матвеевна,2023,Платка,7.6,360.5,Психология,с. Валаам,8 727 163 4452,92.0,,,,100.0,93.0
Сорокина Александра Станиславовна,2023,Платка,9.1,282.4,Международные отношения,клх Слюдянка,8 379 830 99 72,74.0,,,,66.0,51.0
Ия Антоновна Рыбакова,2022,Бюджет,6.6,288.7,Международные отношения,п. Бомнак,+7 (737) 742-0523,74.0,,72.0,,77.0,
Власова Александра Сергеевна,2022,Бюджет,8.9,368.2,Лечебное дело,с. Ардон,+7 (643) 698-8066,97.0,,,82.0,100.0,
Сысоева Майя Оскаровна,2022,Платка,10.0,392.0,Прикладная информатика,с. Иркутск,8 (020) 758-71-78,,95.0,97.0,100.0,,
Пахомов Боян Бенедиктович,2023,Платка,7.2,234.0,История,г. Пушкино (Моск.),8 (222) 895-7738,52.0,51.0,,59.0,,
тов. Вишнякова Полина Оскаровна,2021,Бюджет,5.3,263.5,Философия,д. Богучар,+7 409 198 10 79,,,56.0,77.0,77.0,
Фёкла Геннадьевна Фомичева,2021,Платка,5.6,288.3,Прикладная математика,д. Новый Уренгой,+7 (548) 757-0467,70.0,78.0,,,,84.0
Венедикт Артёмович Дементьев,2020,Бюджет,7.0,277.6,Психология,п. Белгород,8 275 436 88 71,,,,63.0,68.0,77.0
Элеонора Игоревна Сидорова,2021,Бюджет,8.3,312.6,Прикладная информатика,ст. Нижнеудинск,+7 214 430 0546,,,78.0,75.0,,77.0
Гремислав Анатольевич Рожков,2023,Платка,5.4,353.6,Международные отношения,п. Енисейск,8 (743) 247-65-81,100.0,,,100.0,,100.0
Казаков Твердислав Гурьевич,2023,Платка,7.2,366.9,Радиофизика,с. Тихорецк,+7 120 204 2011,,100.0,,,100.0,95.0
Суворова Ульяна Архиповна,2022,Целевое,6.2,280.3,Информатика,д. Брянск,+7 (457) 133-3808,79.0,,66.0,,73.0,
Калинина Акулина Никифоровна,2022,Платка,5.9,238.8,Философия,ст. Сургут (Хант.),+7 592 067 2880,59.0,,54.0,,,67.0
Евпраксия Богдановна Копылова,2019,Целевое,10.0,258.0,Радиофизика,ст. Тверь,8 528 504 7733,60.0,,,,49.0,49.0
Герасимов Валерий Антонович,2020,Платка,8.2,258.5,Международные отношения,г. Бирск,+7 319 955 10 73,,55.0,,54.0,67.0,
Кир Валентинович Медведев,2021,Целевое,7.4,333.9,История,г. Юрьевец (Иван.),80582091520,100.0,,75.0,85.0,,
Радислав Гордеевич Суворов,2021,Целевое,7.1,347.8,Лечебное дело,д. Тверь,+7 756 141 90 66,77.0,,,100.0,100.0,
Клавдия Тимофеевна Терентьева,2023,Целевое,7.1,299.9,Международные отношения,г. Аша,+78894546693,,,71.0,69.0,89.0,
Федоров Иосиф Чеславович,2023,Бюджет,8.5,328.7,Прикладная математика,ст. Ейск,+7 716 959 46 95,,,79.0,92.0,73.0,
Нестеров Соломон Архипович,2021,Бюджет,6.2,266.3,Прикладная информатика,с. Корсаков,8 558 524 7946,,,70.0,,64.0,70.0
Горбачев Севастьян Антонович,2023,Целевое,7.3,270.8,Международные отношения,д. Сасово,+7 203 342 69 57,,65.0,,42.0,,91.0
